Street,City,Zip Code,Bed,Bath,Sqft,House Type,Year Built,Sold Price
936 Olmstead St, San Francisco,94134,2.0,1.0,1016.0,Single Family Residence,1952,1100000.0
1880 Steiner St #409, San Francisco,94115,2.0,2.0,983.0,Condominium,1999,1261000.0
259 Wilson St, San Francisco,94112,2.0,1.0,880.0,Single Family Residence,1914,875000.0
501 Crescent Way #5212, San Francisco,94134,2.0,2.0,875.0,Condominium,2006,760000.0
451 Stoneridge Ln #3102, San Francisco,94134,2.0,2.0,1068.0,Condominium,1996,750000.0
115 Colby St, San Francisco,94134,3.0,3.0,1715.0,Single Family Residence,1970,1750000.0
643 40th Ave, San Francisco,94121,3.0,1.5,1448.0,Single Family Residence,1924,1610000.0
1055 Gilman Ave, San Francisco,94124,2.0,1.0,950.0,Single Family Residence,1908,800000.0
1863 Pine St, San Francisco,94109,3.0,1.5,1390.0,Single Family Residence,1900,1485000.0
647 34th Ave, San Francisco,94121,4.0,3.0,2432.0,Single Family Residence,1926,2065000.0
210 Rose St, San Francisco,94102,2.0,1.0,859.0,Condominium,1900,1102101.0
635 42nd Ave, San Francisco,94121,4.0,4.5,2518.0,Single Family Residence,1923,2900000.0
659 26th Ave, San Francisco,94121,3.0,3.5,2038.0,Single Family Residence,1913,1880000.0
80 Miraloma Dr, San Francisco,94127,4.0,3.0,2984.0,Single Family Residence,1960,2200000.0
2426 Santiago St, San Francisco,94116,3.0,2.0,1646.0,Single Family Residence,1940,1500000.0
28 Nebraska St, San Francisco,94110,4.0,2.0,1758.0,Single Family Residence,1926,1785000.0
278 Thrift St, San Francisco,94112,3.0,2.0,1293.0,Single Family Residence,1960,995000.0
4040 Balboa St #3, San Francisco,94121,2.0,1.0,670.0,Condominium,1998,729000.0
371 Wilde Ave, San Francisco,94134,2.0,1.0,1027.0,Single Family Residence,1951,975000.0
8200 Oceanview Ter #121, San Francisco,94132,3.0,2.0,1186.0,Condominium,2002,830000.0
722 37th Ave, San Francisco,94121,3.0,2.5,1700.0,Single Family Residence,1939,1640000.0
73 Dolores Ter, San Francisco,94110,3.0,2.5,1548.0,Townhouse,1998,1980000.0
1887 42nd Ave, San Francisco,94122,3.0,2.0,1289.0,Single Family Residence,1944,1000000.0
2346 Clement St #1, San Francisco,94121,2.0,2.5,1265.0,Condominium,2002,1050000.0
149 Bertita St, San Francisco,94112,1.0,1.0,988.0,Single Family Residence,1918,850000.0
1318 Larkin St, San Francisco,94109,3.0,1.5,1820.0,Condominium,1908,1174000.0
179 Tucker Ave, San Francisco,94134,2.0,1.0,1040.0,Single Family Residence,1951,1002616.0
95 Red Rock Way #102M, San Francisco,94131,1.0,1.0,830.0,Condominium,1972,675000.0
2186 34th Ave, San Francisco,94116,5.0,2.0,1900.0,Single Family Residence,1948,1460000.0
35 Cityview Way, San Francisco,94131,4.0,4.0,2088.0,Single Family Residence,1955,2130000.0
675 Prentiss St, San Francisco,94110,3.0,1.0,1204.0,Single Family Residence,1959,1150000.0
758 Haight St #2, San Francisco,94117,1.0,1.0,665.0,Condominium,1900,850000.0
815 Tennessee St #204, San Francisco,94107,2.0,2.0,925.0,Condominium,2018,1245000.0
73 Norton St, San Francisco,94112,2.0,2.0,1350.0,Single Family Residence,1939,978000.0
9 Toyon Ln, San Francisco,94112,3.0,1.5,1270.0,Single Family Residence,1925,1180000.0
611 Mason St #508, San Francisco,94108,2.0,2.0,978.0,Condominium,1986,900000.0
50 Lansing St #104, San Francisco,94105,2.0,2.0,989.0,Condominium,2006,1050000.0
178 Ridgewood Ave C, San Francisco,94112,3.0,2.0,1355.0,Townhouse,1997,1100000.0
401 Crescent Ct #4103, San Francisco,94134,1.0,1.0,805.0,Condominium,2007,570000.0
3701 Market St #2, San Francisco,94131,2.0,2.0,1232.0,Condominium,1962,1150000.0
1614 27th Ave, San Francisco,94122,2.0,2.0,1886.0,Single Family Residence,1937,1350000.0
477 45th Ave, San Francisco,94121,2.0,1.0,1200.0,Single Family Residence,1923,1350000.0
5800 3rd St #1120, San Francisco,94124,2.0,2.0,1083.0,Condominium,2010,805000.0
214 Dorland St, San Francisco,94114,2.0,1.0,991.0,Condominium,1910,1375000.0
1252 Church St, San Francisco,94114,2.0,1.0,1050.0,Single Family Residence,1900,1050000.0
1986 42nd Ave, San Francisco,94116,3.0,2.0,1214.0,Single Family Residence,1949,1125000.0
814 Grafton Ave, San Francisco,94112,2.0,1.0,1150.0,Single Family Residence,1936,925000.0
100 Augusta St, San Francisco,94124,4.0,3.0,2075.0,Single Family Residence,1947,1320000.0
201 Folsom St #33E, San Francisco,94105,3.0,3.0,1784.0,Condominium,2016,3300000.0
645 42nd Ave, San Francisco,94121,3.0,1.0,1567.0,Single Family Residence,1923,1521000.0
2336 Sloat Blvd, San Francisco,94116,3.0,1.0,1350.0,Single Family Residence,1948,1300000.0
52 Harper St, San Francisco,94131,2.0,2.0,1293.0,Single Family Residence,1914,1510000.0
1880 16th Ave, San Francisco,94122,4.0,2.0,2300.0,Single Family Residence,1938,1875000.0
1946 30th Ave, San Francisco,94116,4.0,3.0,1752.0,Single Family Residence,1940,1630000.0
151 23rd Ave, San Francisco,94121,3.0,3.5,2201.0,Condominium,1923,1900000.0
3037 Van Ness Ave #2, San Francisco,94109,2.0,1.0,811.0,Condominium,1922,899000.0
125 Alma St, San Francisco,94117,3.0,2.0,963.0,Single Family Residence,1910,1925000.0
2776 San Jose Ave, San Francisco,94112,5.0,3.0,2137.0,Single Family Residence,1961,1250000.0
60 Racine Ln, San Francisco,94134,6.0,4.0,2315.0,Single Family Residence,1953,1550000.0
2090 31st Ave, San Francisco,94116,3.0,2.0,1200.0,Single Family Residence,1950,1213000.0
8200 Oceanview Ter #320, San Francisco,94132,2.0,2.0,1005.0,Condominium,2002,855000.0
1610 Alemany Blvd, San Francisco,94112,3.0,2.0,2028.0,Single Family Residence,1940,1200000.0
2271 40th Ave, San Francisco,94116,4.0,4.0,1775.0,Single Family Residence,1948,1768500.0
2038 20th Ave, San Francisco,94116,4.0,4.5,2246.0,Single Family Residence,1929,2100000.0
75 Montcalm St, San Francisco,94110,2.0,1.0,900.0,Single Family Residence,1906,980000.0
701 Quintara St, San Francisco,94116,4.0,4.5,1818.0,Single Family Residence,1940,1900000.0
301 Mission St #8E, San Francisco,94105,2.0,2.0,1098.0,Condominium,2009,925000.0
829 Oak St B, San Francisco,94117,2.0,2.0,816.0,Condominium,1900,899000.0
2944 19th Ave, San Francisco,94132,2.0,1.5,1813.0,Single Family Residence,1938,1260000.0
11 Ervine St, San Francisco,94134,3.0,2.5,2157.0,Single Family Residence,1989,945000.0
42nd Ave, San Francisco,94116,3.0,2.0,1494.0,Single Family Residence,1967,1220000.0
684 Clarendon Ave, San Francisco,94131,2.0,2.5,1485.0,Townhouse,1977,1150000.0
1788 Clay St #308, San Francisco,94109,2.0,2.0,1235.0,Condominium,2014,1410000.0
29 Kiska Rd, San Francisco,94124,2.0,1.0,1272.0,Condominium,1996,630000.0
4326 Cabrillo St, San Francisco,94121,2.0,1.0,1491.0,Single Family Residence,1923,1308000.0
439 Greenwich St #3B, San Francisco,94133,1.0,1.0,514.0,Condominium,1979,710000.0
277 Munich St, San Francisco,94112,3.0,1.0,822.0,Single Family Residence,1908,800000.0
1915 Funston Ave, San Francisco,94116,4.0,2.0,1929.0,Single Family Residence,1959,1615000.0
2450 30th Ave, San Francisco,94116,3.0,2.0,1563.0,Single Family Residence,1939,1300000.0
774 Potrero Ave, San Francisco,94110,3.0,1.5,1740.0,Single Family Residence,1924,1350000.0
1866 Egbert Ave, San Francisco,94124,3.0,2.0,1547.0,Single Family Residence,1925,952000.0
55 Arco Way, San Francisco,94112,2.0,1.5,1065.0,Single Family Residence,1941,1100000.0
1618 36th Ave, San Francisco,94122,2.0,3.0,1790.0,Single Family Residence,1938,1450000.0
112 Russ St, San Francisco,94103,2.0,2.0,811.0,Condominium,1908,860000.0
147 Silliman St, San Francisco,94134,3.0,1.0,1275.0,Single Family Residence,1905,898000.0
109 S Lake Merced Hls #3A, San Francisco,94132,2.0,2.0,1474.0,Condominium,1975,740000.0
372 Pope St, San Francisco,94112,2.0,1.0,1749.0,Single Family Residence,1929,1135000.0
1788 Clay St #607, San Francisco,94109,1.0,1.0,764.0,Condominium,2014,985000.0
699 Pennsylvania Ave #1, San Francisco,94107,1.0,1.5,971.0,Condominium,2001,810000.0
639 25th Ave, San Francisco,94121,3.0,2.0,1844.0,Single Family Residence,1920,1375000.0
2112 Hyde St #1, San Francisco,94109,2.0,1.5,888.0,Condominium,1964,1300000.0
87 Santa Cruz Ave, San Francisco,94112,3.0,2.5,1263.0,Single Family Residence,1950,1160000.0
223 Byxbee St, San Francisco,94132,2.0,1.0,812.0,Single Family Residence,1942,1000000.0
2343 30th Ave, San Francisco,94116,4.0,4.5,2016.0,Single Family Residence,1938,1600000.0
1982 44th Ave, San Francisco,94116,3.0,1.0,1150.0,Single Family Residence,1945,1370000.0
798 Monterey Blvd #3A, San Francisco,94127,2.0,2.0,1089.0,Condominium,1986,950000.0
84 Dorland St #2, San Francisco,94110,2.0,1.0,1375.0,Condominium,1915,1390000.0
3207 Jennings St, San Francisco,94124,3.0,2.5,1632.0,Single Family Residence,1911,1225000.0
254 Brussels St, San Francisco,94134,2.0,1.0,1375.0,Single Family Residence,1927,809000.0
26 Cross St, San Francisco,94112,1.0,1.0,1155.0,Single Family Residence,1927,930000.0
338 Potrero Ave Ph3, San Francisco,94103,2.0,2.0,1215.0,Condominium,2016,1800000.0
489 Madrid St, San Francisco,94112,2.0,1.0,1900.0,Single Family Residence,1900,667000.0
25 Dichiera Ct, San Francisco,94112,3.0,2.0,2038.0,Single Family Residence,1964,1425000.0
5 Lydia Ave, San Francisco,94124,3.0,2.0,1394.0,Single Family Residence,1998,1085000.0
703 Dartmouth, San Francisco,94134,3.0,3.0,1274.0,Single Family Residence,1939,1200000.0
2075 Sutter St #221, San Francisco,94115,2.0,2.0,1044.0,Condominium,1992,1250000.0
715 Corbett Ave, San Francisco,94131,2.0,2.5,1780.0,Condominium,1997,1730000.0
539 Ortega St, San Francisco,94122,3.0,2.0,1457.0,Single Family Residence,1957,1440000.0
689 26th Ave, San Francisco,94121,4.0,4.0,2209.0,Single Family Residence,1920,2115000.0
1510 7th Ave, San Francisco,94122,4.0,3.0,1814.0,Single Family Residence,1914,2125000.0
5440 Anza St, San Francisco,94121,5.0,4.0,2828.0,Single Family Residence,1923,2398000.0
1731 Larkin Street #5, San Francisco,94109,2.0,2.0,1085.0,Condominium,1908,1550000.0
470 Bayview Cir, San Francisco,94124,3.0,2.5,1472.0,Townhouse,1986,990000.0
355 1st St S904, San Francisco,94105,2.0,2.0,1034.0,Condominium,2004,422150.0
342 Judson Ave, San Francisco,94112,3.0,2.0,1625.0,Single Family Residence,1928,1650000.0
2094 Bush St, San Francisco,94115,3.0,2.5,2346.0,Single Family Residence,1878,2700000.0
2036 Alemany Blvd, San Francisco,94112,3.0,2.5,1100.0,Single Family Residence,1939,1100000.0
270 S Hill Blvd, San Francisco,94112,3.0,2.0,1360.0,Single Family Residence,1931,1230000.0
565 Oxford St, San Francisco,94134,5.0,3.0,4135.0,Single Family Residence,2005,1750000.0
76 Cortland Ave, San Francisco,94110,3.0,2.5,1392.0,Single Family Residence,1995,1605000.0
825 La Playa St #225, San Francisco,94121,2.0,2.0,1300.0,Condominium,1983,835000.0
1891 35th Ave, San Francisco,94122,4.0,4.0,1840.0,Single Family Residence,1941,1730000.0
535 Raymond, San Francisco,94134,3.0,1.5,1200.0,Single Family Residence,1962,965000.0
300 Baltimore Way, San Francisco,94112,5.0,2.0,1671.0,Single Family Residence,1960,1300000.0
27 Seville St, San Francisco,94112,3.0,1.0,1141.0,Single Family Residence,1923,932000.0
1097 Green St #10, San Francisco,94133,2.0,2.0,1200.0,Condominium,1910,1580000.0
338 Main St D9a, San Francisco,94105,2.0,2.0,1379.0,Condominium,2016,1915000.0
1400 Mission St #1306, San Francisco,94103,1.0,1.0,631.0,Condominium,2015,632500.0
428 8th St #101, San Francisco,94103,1.0,2.0,1056.0,Condominium,2002,875000.0
300 Molimo Dr, San Francisco,94127,4.0,5.5,3338.0,Single Family Residence,1949,3100000.0
119 Ramsell St, San Francisco,94132,3.0,2.0,1416.0,Single Family Residence,1964,1175000.0
1001 Pine St #1306, San Francisco,94109,1.0,1.0,650.0,Condominium,1963,815000.0
1650 Jackson St #708, San Francisco,94109,2.0,2.0,1103.0,Condominium,1991,1385000.0
1028 Innes Ave, San Francisco,94124,3.0,2.0,1350.0,Single Family Residence,1988,935000.0
4222 Ulloa St, San Francisco,94116,2.0,1.0,1275.0,Single Family Residence,1941,1265000.0
999 Green St #1105, San Francisco,94133,1.0,1.0,986.0,Condominium,1964,1400000.0
333 Beale St #3A, San Francisco,94105,1.0,1.0,635.0,Condominium,2015,865000.0
222 Naples St, San Francisco,94112,2.0,2.0,875.0,Single Family Residence,1925,945000.0
2622 18th Ave, San Francisco,94116,3.0,1.0,1400.0,Single Family Residence,1935,1500000.0
425 1st St #5406, San Francisco,94105,2.0,2.0,1268.0,Condominium,2008,2400250.0
2243 Franklin St, San Francisco,94109,2.0,2.0,1463.0,Condominium,1900,1855000.0
318 Main St #3E, San Francisco,94105,1.0,2.0,1098.0,Condominium,2015,1365000.0
38 Southwood Dr, San Francisco,94112,2.0,1.0,1131.0,Single Family Residence,1947,1457000.0
959 Capitol Ave, San Francisco,94112,2.0,1.0,1050.0,Single Family Residence,1924,1055000.0
88 Raymond Ave, San Francisco,94134,2.0,1.0,1515.0,Single Family Residence,1938,960000.0
1158 Sutter St #13, San Francisco,94109,2.0,2.0,1057.0,Condominium,2008,1100000.0
1738 35th Ave, San Francisco,94122,4.0,4.0,2370.0,Single Family Residence,1941,1950000.0
201 Foote Ave, San Francisco,94112,2.0,1.0,1225.0,Single Family Residence,1954,1116800.0
60 Corona St, San Francisco,94127,4.0,4.0,2493.0,Single Family Residence,1923,2150000.0
181 Collins St, San Francisco,94118,3.0,1.5,2000.0,Single Family Residence,1915,1975000.0
701 Minnesota St #157, San Francisco,94107,1.0,1.0,1093.0,Condominium,1900,1099000.0
66 Restani Way, San Francisco,94112,2.0,3.0,1716.0,Single Family Residence,1954,1240000.0
201 Frida Kahlo Way, San Francisco,94112,2.0,1.0,1062.0,Single Family Residence,1922,1277000.0
322 Moscow St, San Francisco,94112,3.0,3.0,1200.0,Single Family Residence,1900,1022000.0
269 Claremont Blvd, San Francisco,94127,3.0,2.0,1890.0,Single Family Residence,1920,1795000.0
11 W View Ave, San Francisco,94134,3.0,4.0,1352.0,Single Family Residence,1943,1300000.0
1991 21st Ave, San Francisco,94116,4.0,4.5,2000.0,Single Family Residence,1938,1925000.0
24 Regent St, San Francisco,94112,4.0,3.0,1600.0,Single Family Residence,1913,1050000.0
2343 25th Ave, San Francisco,94116,4.0,4.0,2560.0,Single Family Residence,1926,2260000.0
1325 Divisadero St #301, San Francisco,94115,1.0,1.0,486.0,Condominium,1925,615000.0
258 Howth St, San Francisco,94112,2.0,1.0,955.0,Single Family Residence,1916,955000.0
2448 Alemany Blvd, San Francisco,94112,2.0,1.0,1470.0,Single Family Residence,1938,1110000.0
554 Flannery St,Santa Clara,95051,5.0,3.0,2404.0,Single Family Residence,1963,2050000.0
1911 Magdalena Cir #80,Santa Clara,95051,2.0,1.0,920.0,Condominium,1986,750000.0
2902 Feliz Rd,Santa Clara,95051,2.0,2.5,1466.0,Condominium,2019,1260000.0
205 Bret Harte Ct,Santa Clara,95050,4.0,2.0,1363.0,Single Family Residence,1955,1376000.0
837 Cherry Orchard Pl,Santa Clara,95051,4.0,3.0,1935.0,Single Family Residence,2008,1680000.0
2634 Maplewood Ln,Santa Clara,95051,4.0,2.5,2364.0,Single Family Residence,1970,2350000.0
2946 Taper Ave,Santa Clara,95051,3.0,4.0,1819.0,Single Family Residence,1957,1700000.0
1044 Bluebird Ave,Santa Clara,95051,3.0,2.0,1388.0,Single Family Residence,1961,1910000.0
3159 Butte St,Santa Clara,95051,3.0,1.0,1398.0,Single Family Residence,1948,1600000.0
1338 Lafayette St,Santa Clara,95050,3.0,2.0,1206.0,Single Family Residence,1920,1090000.0
2107 Monroe St,Santa Clara,95050,3.0,1.0,985.0,Single Family Residence,1954,1030000.0
738 Flannery St,Santa Clara,95051,3.0,2.0,1108.0,Single Family Residence,1955,1320000.0
2210 Consuelo Ave,Santa Clara,95050,3.0,1.0,1507.0,Single Family Residence,1952,1390000.0
1346 Monroe St,Santa Clara,95050,4.0,2.5,1989.0,Single Family Residence,1995,1380000.0
1883 Agnew Rd #208,Santa Clara,95054,2.0,2.0,1070.0,Condominium,2006,792000.0
2567 Pilot Knob Dr,Santa Clara,95051,3.0,1.0,1162.0,Single Family Residence,1954,1120000.0
2200 Agnew Rd #319,Santa Clara,95054,1.0,1.0,816.0,Condominium,1982,582000.0
1368 El Camino Real #211,Santa Clara,95050,2.0,2.0,1135.0,Condominium,2018,950000.0
2155 Esperanca Ave,Santa Clara,95054,3.0,2.5,1351.0,Single Family Residence,1999,1220000.0
3215 Orthello Way,Santa Clara,95051,5.0,2.0,2544.0,Single Family Residence,1950,2000000.0
2580 Homestead Rd #4101,Santa Clara,95051,2.0,1.5,984.0,Condominium,2007,730000.0
3576 Golden State Dr,Santa Clara,95051,3.0,2.0,1166.0,Single Family Residence,1954,1310000.0
1870 Market St #6,Santa Clara,95050,2.0,2.0,1330.0,Condominium,1984,910000.0
1360 Civic Center Dr #3,Santa Clara,95050,3.0,3.5,1870.0,Townhouse,2019,1305000.0
2377 Roosevelt Cir,Santa Clara,95051,3.0,2.0,1254.0,Single Family Residence,1968,1370000.0
151 Buckingham Dr #209,Santa Clara,95051,2.0,2.0,1028.0,Condominium,1969,710000.0
1335 Don Ave,Santa Clara,95050,3.0,1.0,985.0,Single Family Residence,1954,1216000.0
1340 Civic Center Dr #1,Santa Clara,95050,3.0,3.5,1971.0,Townhouse,2019,1357000.0
3901 Lick Mill Blvd #434,Santa Clara,95054,2.0,1.0,908.0,Condominium,2005,820000.0
656 Flannery St,Santa Clara,95051,4.0,2.0,1127.0,Single Family Residence,1953,1330000.0
663 Park Ct,Santa Clara,95050,3.0,1.5,1001.0,Single Family Residence,1924,922000.0
1855 Palm View Pl #216,Santa Clara,95050,1.0,1.0,760.0,Condominium,1978,620000.0
3715 Terstena Pl #208,Santa Clara,95051,1.0,1.0,1040.0,Condominium,1982,621800.0
4073 Crandall Cir,Santa Clara,95054,2.0,2.5,1464.0,Townhouse,2004,1182000.0
2191 Santa Cruz Ave,Santa Clara,95051,3.0,2.0,1078.0,Single Family Residence,1955,1358000.0
2201 Monroe St #1301,Santa Clara,95050,2.0,1.0,853.0,Condominium,1978,600000.0
3160 Fowler Ave,Santa Clara,95051,3.0,2.0,1375.0,Single Family Residence,1954,1500000.0
3901 Lick Mill Blvd #326,Santa Clara,95054,3.0,2.0,1426.0,Condominium,2005,1200000.0
4521 Billings Cir,Santa Clara,95054,4.0,3.5,2408.0,Single Family Residence,2004,1930000.0
2895 Stevenson St,Santa Clara,95051,3.0,2.5,1684.0,Single Family Residence,1960,1765000.0
3365 Georgetown Pl,Santa Clara,95051,3.0,2.0,1414.0,Single Family Residence,1958,1455000.0
2058 Monroe St,Santa Clara,95050,3.0,1.0,1273.0,Single Family Residence,1954,1030000.0
948 Kiely Blvd F,Santa Clara,95051,2.0,2.0,956.0,Condominium,1971,590000.0
23 Conner Pl,Santa Clara,95050,3.0,2.5,1784.0,Single Family Residence,2013,1440000.0
1700 Civic Center Dr #514,Santa Clara,95050,1.0,1.0,646.0,Condominium,1972,508000.0
3901 Lick Mill Blvd #221,Santa Clara,95054,2.0,2.0,1148.0,Condominium,2005,925000.0
2014 Acacia Ct,Santa Clara,95050,2.0,1.5,1256.0,Condominium,1984,918000.0
2324 Park Ave,Santa Clara,95050,3.0,2.5,1622.0,Single Family Residence,1976,1190000.0
3585 Rowena Ct,Santa Clara,95054,3.0,2.0,1500.0,Single Family Residence,1961,1234567.0
150 Saratoga Ave #364,Santa Clara,95051,2.0,2.0,1028.0,Condominium,1969,750000.0
2325 Thompson Pl,Santa Clara,95050,4.0,2.0,1669.0,Single Family Residence,1950,1430000.0
988 Kiely Blvd C,Santa Clara,95051,1.0,1.0,440.0,Condominium,1971,367000.0
4330 Rivermark Pkwy,Santa Clara,95054,4.0,2.5,2331.0,Single Family Residence,2003,2000000.0
1720 Halford Ave #221,Santa Clara,95051,2.0,2.0,983.0,Condominium,1970,636500.0
478 N Winchester Blvd #1,Santa Clara,95050,2.0,2.0,989.0,Condominium,1984,780000.0
775 Cornell Dr,Santa Clara,95051,3.0,1.5,1822.0,Single Family Residence,1955,1775000.0
72 Brian Ln,Santa Clara,95051,3.0,2.0,1432.0,Single Family Residence,1957,1700000.0
949 Capitola Way,Santa Clara,95051,4.0,2.0,1845.0,Single Family Residence,1964,1675000.0
1750 Halford Ave #314,Santa Clara,95051,1.0,1.0,678.0,Condominium,1970,454500.0
3477 Forbes Ave,Santa Clara,95051,3.0,2.0,1379.0,Single Family Residence,1961,1425000.0
120 Saratoga Ave #112,Santa Clara,95051,2.0,2.0,1137.0,Condominium,1969,650000.0
2960 Feliz Rd,Santa Clara,95051,2.0,2.5,1268.0,Condominium,2019,1182960.0
2042 Fan Palm Ct,Santa Clara,95050,2.0,2.0,1226.0,Condominium,1984,892000.0
2447 S Park Ln,Santa Clara,95051,2.0,1.0,904.0,Condominium,1971,810000.0
656 Malarin Ave,Santa Clara,95050,4.0,2.0,1376.0,Single Family Residence,1951,1130000.0
2144 Talia Ave,Santa Clara,95050,2.0,1.0,1123.0,Single Family Residence,1952,1175000.0
1400 Bowe Ave #501,Santa Clara,95051,2.0,2.0,1062.0,Condominium,1984,830000.0
1750 Halford Ave #215,Santa Clara,95051,1.0,1.0,678.0,Condominium,1970,434000.0
4453 Lick Mill Blvd,Santa Clara,95054,3.0,2.5,1700.0,Townhouse,2005,1255500.0
1720 Halford Ave #126,Santa Clara,95051,1.0,1.0,678.0,Condominium,1970,425000.0
1267 Lafayette St,Santa Clara,95050,4.0,3.0,2206.0,Single Family Residence,1920,1600000.0
150 Saratoga Ave #337,Santa Clara,95051,2.0,2.0,1028.0,Condominium,1969,680635.0
826 Baird Ave,Santa Clara,95054,3.0,2.0,1097.0,Single Family Residence,1961,982888.0
2982 Howell Ave,Santa Clara,95051,3.0,2.0,1329.0,Single Family Residence,1956,1420000.0
1680 Shore Pl #5,Santa Clara,95054,3.0,3.0,1651.0,Townhouse,2012,1223000.0
2282 Lenox Pl,Santa Clara,95054,4.0,3.0,2223.0,Single Family Residence,1998,1530000.0
2959 Via Torino,Santa Clara,95051,3.0,2.5,1723.0,Townhouse,2015,1305000.0
1610 Long St,Santa Clara,95050,5.0,3.0,1872.0,Single Family Residence,1971,1385000.0
2477 Golf Links Cir,Santa Clara,95050,3.0,2.5,2003.0,Townhouse,1979,1150000.0
2065 Warburton Ave,Santa Clara,95050,3.0,2.0,1693.0,Single Family Residence,1951,1411800.0
4121 Tobin Cir,Santa Clara,95054,3.0,2.5,2036.0,Single Family Residence,2003,1695000.0
1687 Bellomy St,Santa Clara,95050,1.0,1.0,800.0,Single Family Residence,1937,876000.0
1464 Homestead Rd,Santa Clara,95050,5.0,4.5,3094.0,Single Family Residence,1982,1260000.0
954 Kiely Blvd,Santa Clara,95051,1.0,1.0,440.0,Condominium,1971,385000.0
2950 Sanor Place #112,Santa Clara,95050,4.0,3.5,2236.0,Condominium,2019,1659987.0
746 Armanini Ave,Santa Clara,95050,3.0,2.0,1332.0,Single Family Residence,1950,1435000.0
870 Fremont St #202,Santa Clara,95050,2.0,2.5,1280.0,Townhouse,1980,871000.0
2935 Aspen Dr,Santa Clara,95051,4.0,2.5,1810.0,Single Family Residence,1963,1700000.0
3605 Eastwood Cir,Santa Clara,95054,4.0,2.0,1565.0,Single Family Residence,1967,1010000.0
3901 Lick Mill Blvd #152,Santa Clara,95054,2.0,1.0,865.0,Condominium,2005,780000.0
3901 Lick Mill Blvd #327,Santa Clara,95054,2.0,2.0,1148.0,Condominium,2005,900000.0
2819 Toyon Dr,Santa Clara,95051,4.0,2.5,2362.0,Single Family Residence,1975,2300000.0
2232 Saint Claire Ct,Santa Clara,95054,2.0,2.5,1528.0,Townhouse,1987,970000.0
391 Kohner Ct,Santa Clara,95050,4.0,1.5,1579.0,Single Family Residence,1953,1310000.0
2250 Monroe St #174,Santa Clara,95050,1.0,1.0,716.0,Condominium,1987,550000.0
2455 Painted Rock Dr,Santa Clara,95051,3.0,2.0,1448.0,Single Family Residence,1954,1425000.0
4645 Armour Dr,Santa Clara,95054,5.0,3.0,1994.0,Single Family Residence,1960,1365000.0
1700 Civic Center Dr #216,Santa Clara,95050,1.0,1.0,632.0,Condominium,1972,500000.0
1645 Harrison St,Santa Clara,95050,2.0,1.0,1210.0,Single Family Residence,1946,1175000.0
2129 Hoover Ct,Santa Clara,95051,3.0,2.0,1252.0,Single Family Residence,1963,1270000.0
967 Baird Ave,Santa Clara,95054,3.0,2.0,1097.0,Single Family Residence,1962,956000.0
727 Asbury Pl,Santa Clara,95051,4.0,3.0,2473.0,Single Family Residence,1957,1588888.0
1038 Brackett Way,Santa Clara,95054,3.0,2.5,2331.0,Single Family Residence,2003,1910000.0
2250 Monroe St #102,Santa Clara,95050,2.0,2.0,913.0,Condominium,1987,745000.0
3323 Benton St,Santa Clara,95051,4.0,2.5,1476.0,Townhouse,1963,780000.0
2654 Taft Ave,Santa Clara,95051,4.0,2.5,2537.0,Single Family Residence,1973,2400000.0
1750 Halford Ave #209,Santa Clara,95051,2.0,2.0,983.0,Condominium,1970,645000.0
3546 Dominican Dr,Santa Clara,95051,5.0,2.0,1772.0,Single Family Residence,1959,1475000.0
624 Los Olivos Dr,Santa Clara,95050,4.0,2.0,1520.0,Single Family Residence,1956,1530150.0
2201 Monroe St #1402,Santa Clara,95050,2.0,1.0,853.0,Condominium,1978,569000.0
2271 Menzel Pl,Santa Clara,95050,3.0,2.0,1181.0,Single Family Residence,1954,1220000.0
550 Hilmar St,Santa Clara,95050,3.0,3.0,2031.0,Single Family Residence,1935,1520000.0
5381 Aspenwood Ct,Concord,94521,4.0,3.0,3280.0,Single Family Residence,1998,1040000.0
5050 Valley Crest Dr APT 67,Concord,94521,2.0,2.0,1100.0,Condominium,1984,360000.0
1631 Yeoman Dr,Concord,94521,3.0,2.0,1571.0,Single Family Residence,1963,630000.0
4394 N Sugar Maple Ct,Concord,94521,4.0,2.0,1917.0,Single Family Residence,1976,864500.0
1801 Mayette Ave,Concord,94520,3.0,2.0,1713.0,Single Family Residence,1949,640000.0
1078 Mohr Ln APT C,Concord,94518,2.0,2.0,880.0,Condominium,1972,349010.0
1421 Janet Ln,Concord,94521,4.0,2.0,2179.0,Single Family Residence,1944,815000.0
1518 Davis Ave,Concord,94519,4.0,3.0,2210.0,Single Family Residence,1952,800000.0
5450 Kirkwood Dr APT C2,Concord,94521,2.0,2.0,1274.0,Condominium,1981,425000.0
2113 Roskelley Dr,Concord,94519,3.0,2.0,1226.0,Single Family Residence,1954,612500.0
1150 Tilson Dr,Concord,94520,3.0,2.0,1092.0,Single Family Residence,1957,530000.0
5070 Valley Crest Dr APT 5,Concord,94521,2.0,2.0,1140.0,Condominium,1984,390000.0
4275 Rosewood Dr,Concord,94521,3.0,2.0,1794.0,Single Family Residence,1959,765100.0
5085 Valley Crest Dr APT 275,Concord,94521,2.0,2.0,1160.0,Condominium,1984,402000.0
1095 Discovery Way,Concord,94521,4.0,3.0,2187.0,Single Family Residence,1988,885000.0
4371 Cheltenham Ct,Concord,94521,4.0,2.0,1850.0,Single Family Residence,1957,660000.0
3490 Silver Spur Ct,Concord,94518,3.0,3.0,1979.0,Single Family Residence,1974,760000.0
1370 Canterbury Dr,Concord,94521,4.0,2.0,1191.0,Single Family Residence,1954,700000.0
1151 Via Doble,Concord,94521,4.0,3.0,2165.0,Single Family Residence,1968,850000.0
1481 Dupre Court,Concord,94518,4.0,2.5,2052.0,Single Family Residence,1997,728000.0
1505 Kirker Pass Rd APT 131,Concord,94521,1.0,1.0,647.0,Condominium,1985,294500.0
1481 Dupre Ct,Concord,94518,4.0,3.0,2052.0,Single Family Residence,1997,728000.0
3459 Cranbrook Way,Concord,94520,4.0,2.0,1244.0,Single Family Residence,1959,570000.0
1232 Pinecrest Dr,Concord,94521,4.0,3.0,2537.0,Single Family Residence,1977,730000.0
3409 Wren Ave,Concord,94519,3.0,2.0,1176.0,Single Family Residence,1957,595000.0
825 Oak Grove Rd APT 8,Concord,94518,2.0,2.0,922.0,Condominium,1970,370000.0
975 Gaylord Pl,Concord,94518,4.0,3.0,2073.0,Single Family Residence,1993,860000.0
2962 Minert Rd,Concord,94518,4.0,3.0,1932.0,Single Family Residence,1979,832000.0
1101 Kaitlin Pl,Concord,94518,4.0,3.0,2762.0,Single Family Residence,1988,925000.0
954 Express Ct,Concord,94518,3.0,2.0,1202.0,Single Family Residence,1985,665000.0
2409 Hickory Dr,Concord,94520,3.0,1.0,1200.0,Single Family Residence,1947,540000.0
3540 Kevin Pl,Concord,94519,3.0,2.0,1440.0,Single Family Residence,1986,675000.0
1321 Tudor Ct,Concord,94521,3.0,2.0,1585.0,Single Family Residence,1957,562500.0
4805 Clayton Rd UNIT 3,Concord,94521,2.0,2.0,909.0,Condominium,1984,370000.0
1865 N 5th St,Concord,94519,4.0,2.0,2148.0,Single Family Residence,1948,640000.0
2145 Northwood Cir UNIT D,Concord,94520,2.0,1.0,870.0,Condominium,1979,314000.0
3711 Lindero Dr,Concord,94519,4.0,2.0,1883.0,Single Family Residence,1966,630000.0
4686 Brenda Cir,Concord,94521,4.0,2.0,1568.0,Single Family Residence,1962,570000.0
3973 Newcastle Rd,Concord,94519,3.0,2.0,1342.0,Single Family Residence,1962,570000.0
4632 Melody Dr APT E,Concord,94521,2.0,2.0,934.0,Condominium,1989,385000.0
1086 Mohr Ln APT B,Concord,94518,2.0,2.0,877.0,Condominium,1972,330000.0
164 Norman Ave,Concord,94520,3.0,2.0,1113.0,Single Family Residence,1918,485000.0
1001 Oak Grove Rd,Concord,94518,4.0,2.0,1677.0,Single Family Residence,1960,700000.0
3624 Chestnut Ave,Concord,94519,4.0,2.0,1643.0,Single Family Residence,1941,667000.0
1511 Parkwood Pl,Concord,94521,2.0,2.0,1088.0,Condominium,1978,339900.0
1519 Terry Lynn Ln,Concord,94521,4.0,3.0,1977.0,Single Family Residence,1994,730000.0
2751 Broadmoor Ave,Concord,94520,3.0,1.0,1020.0,Single Family Residence,1952,420000.0
5020 Valley Crest Dr APT 101,Concord,94521,2.0,2.0,1080.0,Apartment,1984,355000.0
1069 Deer Oak Pl,Concord,94521,3.0,3.0,1636.0,Condominium,1991,572000.0
1042 Kaski Ln,Concord,94518,3.0,2.0,1624.0,Single Family Residence,1954,540000.0
3149 Cowell Rd,Concord,94518,3.0,2.0,1352.0,Single Family Residence,1953,585000.0
1410 Bel Air Dr APT 306,Concord,94521,2.0,2.0,940.0,Condominium,1991,349000.0
931 Alla Ct,Concord,94518,4.0,2.0,2378.0,Single Family Residence,1965,800000.0
1133 Meadow Ln APT 90,Concord,94520,1.0,1.0,722.0,Condominium,1972,201500.0
771 Fairlawn Pl,Concord,94518,4.0,3.0,2055.0,Single Family Residence,1966,765000.0
1941 Keswick Ln,Concord,94518,4.0,2.0,1575.0,Single Family Residence,1954,685000.0
4319 Briarcliff Ct,Concord,94521,3.0,2.0,1498.0,Single Family Residence,1963,650000.0
1133 Meadow Ln APT 55,Concord,94520,1.0,1.0,722.0,Condominium,1972,230000.0
5511 Roundtree Dr APT D,Concord,94521,2.0,1.0,925.0,Condominium,1971,329000.0
4290 Woodson Ct,Concord,94521,3.0,2.0,1285.0,Single Family Residence,1961,615000.0
2068 Highland Dr,Concord,94520,3.0,2.0,1286.0,Single Family Residence,1951,515000.0
1076 Saint Francis Dr,Concord,94518,4.0,3.0,2528.0,Single Family Residence,1977,800000.0
1229 Krona Ln,Concord,94521,5.0,4.0,3168.0,Single Family Residence,1973,875000.0
4081 Clayton Rd APT 209,Concord,94521,2.0,1.0,888.0,Multi Family,1972,275000.0
1850 Premier Pl APT B,Concord,94520,2.0,1.5,1088.0,Single Family Residence,1979,392000.0
2855 Richard Ave,Concord,94520,3.0,1.0,1020.0,Single Family Residence,1952,205000.0
3883 Walnut Ave,Concord,94519,3.0,2.0,1448.0,Single Family Residence,1962,736000.0
961 Mohr Ln,Concord,94518,3.0,2.0,1690.0,Single Family Residence,1960,762250.0
5161 Concord Blvd,Concord,94521,3.0,2.0,1145.0,Single Family Residence,1954,565000.0
5507 Kirkwood Dr,Concord,94521,4.0,2.0,1926.0,Single Family Residence,1976,705000.0
1561 Parkwood Pl,Concord,94521,2.0,2.0,1088.0,Townhouse,1978,339999.0
2702 Garden Ave,Concord,94520,3.0,2.0,1202.0,Single Family Residence,1942,495000.0
1729 Sapling Ct APT D,Concord,94519,3.0,3.0,1288.0,Townhouse,1984,430000.0
2988 Glenside Ct,Concord,94520,3.0,1.0,1481.0,Single Family Residence,1953,459000.0
1540 William Way,Concord,94520,3.0,2.0,1664.0,Single Family Residence,1949,579000.0
1705 Trailside Cir,Concord,94518,3.0,3.0,1332.0,Apartment,2008,565000.0
5516 Pamplona Ct,Concord,94521,3.0,2.5,2041.0,Single Family Residence,1975,585500.0
4982 Murchio Dr,Concord,94521,3.0,2.0,1659.0,Single Family Residence,1983,710000.0
1288 Pine Creek Way APT H,Concord,94520,2.0,2.0,1089.0,Townhouse,1970,352000.0
4857 Cherokee Dr,Concord,94521,5.0,3.0,2086.0,Single Family Residence,1961,163000.0
4939 Laurel Dr,Concord,94521,5.0,5.0,3892.0,Single Family Residence,1994,1132500.0
4628 Melody Dr APT F,Concord,94521,2.0,2.0,899.0,Condominium,1988,370000.0
968 Heathergreen Ct,Concord,94521,4.0,3.0,2820.0,Single Family Residence,1997,995000.0
2108 La Orinda Pl,Concord,94518,4.0,2.5,2010.0,Single Family Residence,1975,708000.0
4494 Stone Canyon Ct,Concord,94521,4.0,3.0,2026.0,Single Family Residence,1976,834500.0
2117 N 6th St,Concord,94519,5.0,3.0,2826.0,Single Family Residence,1953,785000.0
730 Ygnacio Woods Ct,Concord,94518,5.0,3.0,2939.0,Single Family Residence,1995,917000.0
5513 Arizona Dr,Concord,94521,3.0,2.0,1158.0,Single Family Residence,1959,353000.0
1846 Earl Ln,Concord,94521,3.0,2.0,1507.0,Single Family Residence,1963,465000.0
1212 Mcewing Ct,Concord,94521,3.0,2.0,1568.0,Single Family Residence,1966,337000.0
3254 Ida Dr,Concord,94519,3.0,2.0,1517.0,Single Family Residence,1953,625000.0
1890 Andrews Dr,Concord,94521,3.0,2.0,1396.0,Single Family Residence,1955,650000.0
1290 Marlboro Ct,Concord,94521,3.0,2.0,1137.0,Single Family Residence,1957,599000.0
4148 Phoenix St,Concord,94521,3.0,2.0,1367.0,Single Family Residence,1963,595888.0
1459 Hartnell Ct,Concord,94521,4.0,2.0,1495.0,Single Family Residence,1963,618500.0
5516 Kirkwood Dr,Concord,94521,3.0,3.0,2049.0,Single Family Residence,1976,712500.0
1980 Gilardy Dr,Concord,94518,3.0,2.0,1607.0,Single Family Residence,1951,700000.0
1530 Claycord Ave,Concord,94521,3.0,2.0,1308.0,Single Family Residence,1962,595000.0
128 Homewood Dr,Concord,94518,3.0,2.0,1330.0,Single Family Residence,1960,560000.0
3955 Kauri Ct,Concord,94521,3.0,2.0,1270.0,Single Family Residence,1972,699000.0
1855 Landana Dr,Concord,94519,3.0,2.0,1524.0,Single Family Residence,1964,442000.0
1295 Waterfall Way,Concord,94521,4.0,3.0,2537.0,Single Family Residence,1976,799000.0
2678 Trafalgar Cir,Concord,94520,3.0,2.0,1487.0,Single Family Residence,1988,569000.0
2687 Trafalgar Cir,Concord,94520,4.0,3.0,1764.0,Single Family Residence,1988,569000.0
5522 Delaware Ct,Concord,94521,4.0,3.0,1860.0,Single Family Residence,1959,735000.0
1393 El Dorado Dr,Concord,94518,3.0,2.0,1430.0,Single Family Residence,1962,662000.0
4524 Shellflower Ct,Concord,94518,4.0,3.0,2391.0,Single Family Residence,1981,882000.0
1398 Del Rio Cir UNIT B,Concord,94518,2.0,1.0,873.0,Condominium,1969,297000.0
1061 Mohr Ln APT C,Concord,94518,2.0,2.0,880.0,Condominium,1973,310000.0
2045 Highland Dr,Concord,94520,3.0,1.0,998.0,Single Family Residence,1951,468000.0
1071 White Oak Dr,Concord,94521,4.0,2.0,1103.0,Single Family Residence,1960,575000.0
1607 Lynwood Dr,Concord,94521,5.0,3.0,2100.0,Single Family Residence,1963,740000.0
1437 Lakeview Pl,Concord,94520,4.0,3.0,1655.0,Single Family Residence,1957,330000.0
2151 Oakland Rd #371, San Jose,95131,2.0,2.0,1536.0,Single Family Residence,1975,200000.0
165 Blossom Hill Rd #472, San Jose,95123,2.0,2.0,1784.0,Single Family Residence,1960,240000.0
369 Pinefield Rd #369, San Jose,95134,3.0,2.0,1433.0,Single Family Residence,1971,225000.0
4856 Mintwood Ct, San Jose,95129,2.0,1.0,950.0,Townhouse,1979,873000.0
628 Brenda Lee Dr, San Jose,95123,4.0,2.5,2354.0,Single Family Residence,1970,1015000.0
2151 Oakland Rd #433, San Jose,95131,2.0,2.0,1344.0,Single Family Residence,2008,132000.0
8654 Solera Dr, San Jose,95135,2.0,2.0,1415.0,Condominium,1965,775000.0
1647 Milroy Pl, San Jose,95124,3.0,2.0,1549.0,Single Family Residence,1985,1420000.0
966 Alta Mar Ter, San Jose,95126,2.0,2.5,1127.0,Townhouse,1949,880000.0
7031 Bret Harte Dr, San Jose,95120,4.0,2.0,2167.0,Single Family Residence,1961,1645000.0
3139 Via Venezia, San Jose,95125,3.0,2.5,1589.0,Single Family Residence,1976,935000.0
3721 Darshan Ct, San Jose,95148,5.0,4.5,4095.0,Single Family Residence,2020,2170000.0
1057 Woodbine Way, San Jose,95117,5.0,3.5,3162.0,Single Family Residence,1957,2225000.0
3733 Darshan Ct, San Jose,95148,6.0,5.5,4059.0,Single Family Residence,1982,2100000.0
3739 Darshan Ct, San Jose,95148,5.0,4.5,4040.0,Single Family Residence,2013,2145000.0
96 Rancho Dr C, San Jose,95111,2.0,2.0,918.0,Condominium,1963,512500.0
345 Esfahan Ct, San Jose,95111,2.0,2.5,1347.0,Townhouse,2007,770000.0
5196 Derek Dr, San Jose,95136,4.0,2.0,1495.0,Single Family Residence,1986,960000.0
6100 Montgomery Court, San Jose,95135,2.0,1.0,1127.0,Condominium,2006,542000.0
829 Nevada Ave, San Jose,95125,3.0,2.0,1392.0,Single Family Residence,2004,1900000.0
329 El Portal Way, San Jose,95119,3.0,2.0,1677.0,Single Family Residence,1981,900000.0
144 S 3rd St #535, San Jose,95112,2.0,2.0,1421.0,Condominium,1967,820000.0
847 Jansen Ave, San Jose,95125,3.0,2.5,1581.0,Single Family Residence,1971,1600000.0
203 Proximity Way, San Jose,95110,3.0,3.0,1588.0,Condominium,1957,1210000.0
4020 Laurelglen Ct, San Jose,95118,3.0,2.0,1720.0,Single Family Residence,2002,1430000.0
380 Auburn Way #14, San Jose,95129,2.0,1.0,1099.0,Condominium,1986,590000.0
2836 Ivy Estates Ct, San Jose,95135,4.0,2.5,2108.0,Single Family Residence,1977,1300000.0
426 Galleria Dr #3, San Jose,95134,2.0,2.5,1564.0,Townhouse,1959,1099000.0
7209 Rosencrans Way, San Jose,95139,4.0,2.5,2137.0,Single Family Residence,1952,1126000.0
73 Montecito Vista Dr #2, San Jose,95111,2.0,2.5,1303.0,Townhouse,1970,770000.0
4557 Cimarron River Ct, San Jose,95136,3.0,2.5,1441.0,Townhouse,1975,726000.0
2151 Oakland Rd #371, San Jose,95131,2.0,2.0,1536.0,Single Family Residence,1960,200000.0
165 Blossom Hill Rd #472, San Jose,95123,2.0,2.0,1784.0,Single Family Residence,1971,240000.0
369 Pinefield Rd #369, San Jose,95134,3.0,2.0,1433.0,Single Family Residence,1979,225000.0
4856 Mintwood Ct, San Jose,95129,2.0,1.0,950.0,Townhouse,1970,873000.0
628 Brenda Lee Dr, San Jose,95123,4.0,2.5,2354.0,Single Family Residence,2008,1015000.0
2151 Oakland Rd #433, San Jose,95131,2.0,2.0,1344.0,Single Family Residence,1965,132000.0
1647 Milroy Pl, San Jose,95124,3.0,2.0,1549.0,Single Family Residence,1949,1420000.0
966 Alta Mar Ter, San Jose,95126,2.0,2.5,1127.0,Townhouse,1961,880000.0
7031 Bret Harte Dr, San Jose,95120,4.0,2.0,2167.0,Single Family Residence,1976,1645000.0
3139 Via Venezia, San Jose,95125,3.0,2.5,1589.0,Single Family Residence,2020,935000.0
3721 Darshan Ct, San Jose,95148,5.0,4.5,4095.0,Single Family Residence,1957,2170000.0
1057 Woodbine Way, San Jose,95117,5.0,3.5,3162.0,Single Family Residence,1982,2225000.0
3733 Darshan Ct, San Jose,95148,6.0,5.5,4059.0,Single Family Residence,2013,2100000.0
3739 Darshan Ct, San Jose,95148,5.0,4.5,4040.0,Single Family Residence,1963,2145000.0
96 Rancho Dr C, San Jose,95111,2.0,2.0,918.0,Condominium,2007,512500.0
345 Esfahan Ct, San Jose,95111,2.0,2.5,1347.0,Townhouse,1986,770000.0
5196 Derek Dr, San Jose,95136,4.0,2.0,1495.0,Single Family Residence,2006,960000.0
6100 Montgomery Court, San Jose,95135,2.0,1.0,1127.0,Condominium,2004,542000.0
829 Nevada Ave, San Jose,95125,3.0,2.0,1392.0,Single Family Residence,1981,1900000.0
329 El Portal Way, San Jose,95119,3.0,2.0,1677.0,Single Family Residence,1967,900000.0
144 S 3rd St #535, San Jose,95112,2.0,2.0,1421.0,Condominium,1971,820000.0
847 Jansen Ave, San Jose,95125,3.0,2.5,1581.0,Single Family Residence,1957,1600000.0
203 Proximity Way, San Jose,95110,3.0,3.0,1588.0,Condominium,2002,1210000.0
4020 Laurelglen Ct, San Jose,95118,3.0,2.0,1720.0,Single Family Residence,1986,1430000.0
380 Auburn Way #14, San Jose,95129,2.0,1.0,1099.0,Condominium,1977,590000.0
2836 Ivy Estates Ct, San Jose,95135,4.0,2.5,2108.0,Single Family Residence,1959,1300000.0
426 Galleria Dr #3, San Jose,95134,2.0,2.5,1564.0,Townhouse,1971,1099000.0
7209 Rosencrans Way, San Jose,95139,4.0,2.5,2137.0,Single Family Residence,1959,1126000.0
73 Montecito Vista Dr #2, San Jose,95111,2.0,2.5,1303.0,Townhouse,1975,770000.0
4557 Cimarron River Ct, San Jose,95136,3.0,2.5,1441.0,Townhouse,1960,726000.0
2151 Oakland Rd #371, San Jose,95131,2.0,2.0,1536.0,Single Family Residence,1971,200000.0
165 Blossom Hill Rd #472, San Jose,95123,2.0,2.0,1784.0,Single Family Residence,1979,240000.0
369 Pinefield Rd #369, San Jose,95134,3.0,2.0,1433.0,Single Family Residence,1970,225000.0
4856 Mintwood Ct, San Jose,95129,2.0,1.0,950.0,Townhouse,2008,873000.0
628 Brenda Lee Dr, San Jose,95123,4.0,2.5,2354.0,Single Family Residence,1965,1015000.0
2151 Oakland Rd #433, San Jose,95131,2.0,2.0,1344.0,Single Family Residence,1985,132000.0
8654 Solera Dr, San Jose,95135,2.0,2.0,1415.0,Condominium,1949,775000.0
1647 Milroy Pl, San Jose,95124,3.0,2.0,1549.0,Single Family Residence,1961,1420000.0
966 Alta Mar Ter, San Jose,95126,2.0,2.5,1127.0,Townhouse,1976,880000.0
7031 Bret Harte Dr, San Jose,95120,4.0,2.0,2167.0,Single Family Residence,2020,1645000.0
3139 Via Venezia, San Jose,95125,3.0,2.5,1589.0,Single Family Residence,1957,935000.0
3721 Darshan Ct, San Jose,95148,5.0,4.5,4095.0,Single Family Residence,1982,2170000.0
1057 Woodbine Way, San Jose,95117,5.0,3.5,3162.0,Single Family Residence,2013,2225000.0
3733 Darshan Ct, San Jose,95148,6.0,5.5,4059.0,Single Family Residence,1963,2100000.0
3739 Darshan Ct, San Jose,95148,5.0,4.5,4040.0,Single Family Residence,2007,2145000.0
96 Rancho Dr C, San Jose,95111,2.0,2.0,918.0,Condominium,1986,512500.0
345 Esfahan Ct, San Jose,95111,2.0,2.5,1347.0,Townhouse,2006,770000.0
5196 Derek Dr, San Jose,95136,4.0,2.0,1495.0,Single Family Residence,2004,960000.0
6100 Montgomery Court, San Jose,95135,2.0,1.0,1127.0,Condominium,1981,542000.0
829 Nevada Ave, San Jose,95125,3.0,2.0,1392.0,Single Family Residence,1967,1900000.0
329 El Portal Way, San Jose,95119,3.0,2.0,1677.0,Single Family Residence,1971,900000.0
144 S 3rd St #535, San Jose,95112,2.0,2.0,1421.0,Condominium,1957,820000.0
847 Jansen Ave, San Jose,95125,3.0,2.5,1581.0,Single Family Residence,2002,1600000.0
203 Proximity Way, San Jose,95110,3.0,3.0,1588.0,Condominium,1986,1210000.0
4020 Laurelglen Ct, San Jose,95118,3.0,2.0,1720.0,Single Family Residence,1977,1430000.0
380 Auburn Way #14, San Jose,95129,2.0,1.0,1099.0,Condominium,1959,590000.0
2836 Ivy Estates Ct, San Jose,95135,4.0,2.5,2108.0,Single Family Residence,1984,1300000.0
426 Galleria Dr #3, San Jose,95134,2.0,2.5,1564.0,Townhouse,1950,1099000.0
7209 Rosencrans Way, San Jose,95139,4.0,2.5,2137.0,Single Family Residence,1963,1126000.0
73 Montecito Vista Dr #2, San Jose,95111,2.0,2.5,1303.0,Townhouse,2016,770000.0
4557 Cimarron River Ct, San Jose,95136,3.0,2.5,1441.0,Townhouse,1965,726000.0
215 Proximity Way, San Jose,95110,2.0,2.5,1302.0,Condominium,1970,899000.0
1580 Wharton Road, San Jose,95132,5.0,3.0,2504.0,Single Family Residence,1986,1550000.0
939 Rock Canyon Cir, San Jose,95127,4.0,2.5,2912.0,Single Family Residence,1977,1558260.0
1398 Olympus Dr, San Jose,95129,4.0,2.0,1756.0,Single Family Residence,1951,1575000.0
5104 Leigh Ave, San Jose,95124,4.0,2.0,1422.0,Single Family Residence,1956,1380000.0
2138 Charger Dr, San Jose,95131,4.0,2.5,2160.0,Single Family Residence,1979,1250000.0
1769 Whispering Willow Pl, San Jose,95125,5.0,4.0,3189.0,Single Family Residence,2008,2010000.0
1865 Midnight Cir, San Jose,95133,3.0,2.0,1714.0,Townhouse,2018,1000000.0
1285 Curtiss Ave, San Jose,95125,5.0,4.5,3999.0,Single Family Residence,1954,2800000.0
88 N Jackson Ave #515, San Jose,95116,1.0,1.0,720.0,Condominium,2019,450000.0
1541 Goody Ln, San Jose,95131,4.0,3.0,1629.0,Single Family Residence,1984,1268000.0
121 La Quebrada Way, San Jose,95127,3.0,2.5,1702.0,Townhouse,1990,800000.0
4772 Canela Way, San Jose,95136,4.0,2.5,2259.0,Single Family Residence,1916,1100000.0
5336 Cedar Grove Cir, San Jose,95123,4.0,2.0,1362.0,Single Family Residence,1973,935000.0
5689 Makati Cir H, San Jose,95123,1.0,1.0,690.0,Condominium,2009,460000.0
1508 Huddersfield Ct, San Jose,95126,3.0,2.0,1161.0,Townhouse,1996,842000.0
1310 Saddle Rack St #347, San Jose,95126,2.0,2.0,1258.0,Condominium,1966,775000.0
2433 Apsis Ave, San Jose,95124,3.0,2.0,1394.0,Single Family Residence,1985,1300000.0
1080 Sherman St, San Jose,95110,2.0,1.0,812.0,Single Family Residence,1986,650000.0
764 Windell Ct, San Jose,95123,3.0,2.0,1283.0,Single Family Residence,1984,990000.0
1062 Summershore Ct, San Jose,95122,1.0,1.0,512.0,Condominium,1978,359000.0
670 E Mission St, San Jose,95112,2.0,1.0,1007.0,Single Family Residence,1947,880000.0
1033 Ramona Ave, San Jose,95125,4.0,3.0,2138.0,Single Family Residence,1967,1200000.0
5201 Cribari Hls, San Jose,95135,2.0,2.0,1240.0,Condominium,1972,459000.0
554 Menker Ave, San Jose,95128,3.0,3.0,1606.0,Single Family Residence,1990,1190000.0
423 Colony Cove Dr, San Jose,95123,2.0,1.0,942.0,Townhouse,1941,618000.0
1550 Technology Dr, San Jose,95110,1.0,1.0,831.0,Condominium,1984,545000.0
5328 Estrade Dr, San Jose,95118,4.0,2.0,2283.0,Single Family Residence,2006,1335000.0
2056 Ojo De Agua Ct, San Jose,95116,3.0,1.0,1180.0,Townhouse,2006,550000.0
3163 Kenland Dr, San Jose,95111,3.0,2.0,1094.0,Condominium,1961,588000.0
1550 Technology Dr #3033, San Jose,95110,1.0,1.0,831.0,Condominium,2008,545000.0
1209 Yarwood Ct, San Jose,95128,1.0,1.0,658.0,Condominium,1905,455000.0
4271 North 1st. St #112, San Jose,95134,3.0,2.0,2000.0,Single Family Residence,1940,275000.0
5343 Garrison Cir, San Jose,95123,3.0,2.0,1367.0,Single Family Residence,1949,870000.0
2421 Jubilee Ln, San Jose,95131,1.0,1.0,645.0,Condominium,1957,465000.0
4045 Rio Ct, San Jose,95134,2.0,2.5,1130.0,Condominium,1974,880000.0
206 Montalcino Cir, San Jose,95111,3.0,3.5,1856.0,Townhouse,1970,850000.0
998 Patricia Way, San Jose,95125,3.0,2.0,1483.0,Single Family Residence,1950,1541000.0
147 Monte Verano Ct, San Jose,95116,2.0,1.0,877.0,Condominium,1994,480000.0
1023 Kiser Dr, San Jose,95120,3.0,2.5,1470.0,Single Family Residence,1969,940000.0
1390 Saddle Rack St #310, San Jose,95126,3.0,2.0,1407.0,Condominium,1950,910000.0
3157 Loma Verde Dr #52, San Jose,95117,3.0,2.5,1366.0,Townhouse,1960,840000.0
2370 Carlton Ave, San Jose,95124,3.0,2.0,1456.0,Single Family Residence,1959,1630000.0
1711 Cape Horn Ct, San Jose,95133,4.0,3.0,2315.0,Single Family Residence,1974,1378000.0
997 Prevost St, San Jose,95125,2.0,1.0,1067.0,Single Family Residence,2008,900000.0
307 Henderson Dr, San Jose,95123,3.0,2.0,1143.0,Single Family Residence,2006,930000.0
139 Quail Hollow #139, San Jose,95128,2.0,2.0,1512.0,Single Family Residence,2007,296900.0
6974 Avenida Rotella, San Jose,95139,3.0,2.0,1308.0,Single Family Residence,1971,930000.0
801 S Winchester Blvd #1306, San Jose,95128,2.0,2.0,986.0,Condominium,1959,815000.0
3915 Altadena Ln, San Jose,95127,3.0,2.0,1550.0,Single Family Residence,1975,1076000.0
788 Golden Creek Ter, San Jose,95111,3.0,3.0,1640.0,Condominium,1960,699000.0
858 Windsor Hills Cir, San Jose,95123,3.0,2.5,1650.0,Single Family Residence,1971,1190000.0
1263 Avenida Las Brisas, San Jose,95131,1.0,1.0,1415.0,Condominium,1979,675000.0
1348 Whitegate Ave, San Jose,95125,4.0,3.0,2400.0,Single Family Residence,1970,1800000.0
2148 Walnut Grove Ave, San Jose,95128,4.0,2.0,1650.0,Single Family Residence,1971,1400000.0
3029 Kilo Ave, San Jose,95124,3.0,1.0,1060.0,Single Family Residence,1956,915000.0
619 Teatree Ct, San Jose,95128,2.0,2.0,922.0,Condominium,1978,570000.0
721 Autumn Meadow Dr, San Jose,95123,3.0,3.5,1712.0,Condominium,1979,835000.0
480 Curie Dr, San Jose,95123,3.0,2.0,1400.0,Single Family Residence,2020,1150000.0
21490 Almaden Rd, San Jose,95120,3.0,3.0,1694.0,Single Family Residence,1954,1200000.0
408 Pinefield Rd #408, San Jose,95134,2.0,2.0,816.0,Single Family Residence,1938,75000.0
5623 Playa Del Rey Ct #4, San Jose,95123,2.0,1.0,798.0,Condominium,1985,450000.0
6013 Salida Del Sol, San Jose,95123,4.0,2.0,1748.0,Single Family Residence,1996,1055000.0
288 S 12th St, San Jose,95112,3.0,1.0,1602.0,Single Family Residence,1968,877000.0
5051 Bougainvillea Dr, San Jose,95111,4.0,3.0,2290.0,Single Family Residence,1975,1253000.0
4787 Raspberry Pl, San Jose,95129,2.0,1.0,1230.0,Condominium,1972,1010000.0
1726 Guadalupe Ave, San Jose,95125,4.0,3.0,2426.0,Single Family Residence,1977,1425000.0
4151 Mountcastle Way, San Jose,95136,3.0,2.0,1232.0,Single Family Residence,1983,1130000.0
1318 Sippola Way, San Jose,95121,4.0,2.0,1207.0,Single Family Residence,1975,730000.0
1158 Pine Ave, San Jose,95125,2.0,1.0,1338.0,Single Family Residence,1974,1285000.0
1084 Yarwood Ct, San Jose,95128,2.0,2.0,922.0,Condominium,1975,560000.0
1477 De Rose Way #242, San Jose,95126,1.0,1.0,1006.0,Condominium,1992,588000.0
4180 Partridge Dr, San Jose,95121,4.0,2.0,1633.0,Single Family Residence,1959,1185000.0
1737 Parkview Green Cir, San Jose,95131,1.0,1.0,719.0,Condominium,2006,570000.0
903 Sapphire Ct, San Jose,95136,4.0,2.0,1791.0,Single Family Residence,1972,1050000.0
1550 Technology Dr #4098, San Jose,95110,1.0,1.0,875.0,Condominium,2003,600000.0
59 Carnegie Sq, San Jose,95116,3.0,2.5,1357.0,Townhouse,2019,760000.0
1377 Cristina Ave, San Jose,95125,2.0,1.0,900.0,Single Family Residence,1959,1210000.0
602 Azule Ave, San Jose,95123,4.0,2.0,1345.0,Single Family Residence,1983,1040000.0
5121 Bucknall Rd, San Jose,95130,1.0,1.0,1272.0,Single Family Residence,2011,1450000.0
312 Doris Ave, San Jose,95127,2.0,1.0,845.0,Single Family Residence,1972,550000.0
575 Millpond Dr #575, San Jose,95125,2.0,2.0,1240.0,Single Family Residence,1973,260000.0
2247 Pastoral Loop, San Jose,95122,3.0,2.0,3090.0,Single Family Residence,1936,1150000.0
3559 Ivalynn Ct, San Jose,95132,1.0,1.0,709.0,Condominium,1968,486000.0
209 Chantilley Ln, San Jose,95139,3.0,2.0,1220.0,Condominium,1997,520000.0
1122 Silver Oak Ct, San Jose,95120,2.0,2.0,1299.0,Single Family Residence,1968,800000.0
350 N 2nd St #119, San Jose,95112,2.0,2.0,1178.0,Condominium,2020,690000.0
7570 Helmsdale Ct, San Jose,95135,2.0,2.5,1751.0,Condominium,1966,865000.0
1580 Coleman Rd, San Jose,95120,5.0,2.5,2278.0,Single Family Residence,1970,1482000.0
165 Blossom Hill Rd #519, San Jose,95123,2.0,2.0,1440.0,Single Family Residence,1976,190000.0
2600 Senter Rd #63, San Jose,95111,2.0,2.0,1040.0,Single Family Residence,1990,240000.0
5494 Makati Cir, San Jose,95123,1.0,1.0,690.0,Condominium,1976,430000.0
14364 Bercaw, San Jose,95124,3.0,2.0,1406.0,Single Family Residence,2016,1550000.0
3046 Warrington Ave, San Jose,95127,3.0,2.0,1188.0,Single Family Residence,2004,737000.0
961 Mount Carmel Dr, San Jose,95120,4.0,2.0,1999.0,Single Family Residence,1970,1550000.0
2213 Beech Cir, San Jose,95131,3.0,3.0,1536.0,Townhouse,1987,980000.0
7367 Via Montecitos, San Jose,95135,2.0,2.0,1781.0,Condominium,2007,799000.0
1506 Bird Ave, San Jose,95125,3.0,2.0,1717.0,Single Family Residence,1973,1390000.0
2251 Barrett Ave, San Jose,95124,3.0,2.0,1241.0,Single Family Residence,2019,1505000.0
1491 Dentwood Dr, San Jose,95118,3.0,2.0,1071.0,Single Family Residence,1997,1150000.0
175 W Saint James St #1007, San Jose,95110,1.0,1.0,663.0,Condominium,1980,632000.0
2428 Hecate Pl, San Jose,95124,3.0,2.5,2064.0,Single Family Residence,1959,1319000.0
6022 Gypsy Moth Place, San Jose,95123,3.0,2.5,1538.0,Single Family Residence,1958,965000.0
4018 Yellowstone Dr, San Jose,95130,3.0,2.0,1144.0,Single Family Residence,1990,1400000.0
5134 Bickley Ct, San Jose,95136,3.0,2.0,1512.0,Single Family Residence,2001,1080000.0
3708 Dundale Dr, San Jose,95121,3.0,2.0,1586.0,Single Family Residence,2016,910000.0
1941 Coastland Ave, San Jose,95125,3.0,1.0,1425.0,Single Family Residence,2018,1250000.0
2128 Naida Ave, San Jose,95122,3.0,2.0,1472.0,Single Family Residence,1979,695000.0
972 Elm St, San Jose,95126,3.0,2.5,1894.0,Land,1926,2360000.0
215 Proximity Way, San Jose,95110,2.0,2.5,1302.0,Condominium,1975,899000.0
1580 Wharton Road, San Jose,95132,5.0,3.0,2504.0,Single Family Residence,1992,1550000.0
939 Rock Canyon Cir, San Jose,95127,4.0,2.5,2912.0,Single Family Residence,1970,1558260.0
1398 Olympus Dr, San Jose,95129,4.0,2.0,1756.0,Single Family Residence,1963,1575000.0
5104 Leigh Ave, San Jose,95124,4.0,2.0,1422.0,Single Family Residence,2016,1380000.0
2138 Charger Dr, San Jose,95131,4.0,2.5,2160.0,Single Family Residence,1965,1250000.0
1769 Whispering Willow Pl, San Jose,95125,5.0,4.0,3189.0,Single Family Residence,1970,2010000.0
1865 Midnight Cir, San Jose,95133,3.0,2.0,1714.0,Townhouse,1986,1000000.0
1285 Curtiss Ave, San Jose,95125,5.0,4.5,3999.0,Single Family Residence,1977,2800000.0
88 N Jackson Ave #515, San Jose,95116,1.0,1.0,720.0,Condominium,1951,450000.0
1541 Goody Ln, San Jose,95131,4.0,3.0,1629.0,Single Family Residence,1956,1268000.0
121 La Quebrada Way, San Jose,95127,3.0,2.5,1702.0,Townhouse,1979,800000.0
4772 Canela Way, San Jose,95136,4.0,2.5,2259.0,Single Family Residence,2008,1100000.0
5336 Cedar Grove Cir, San Jose,95123,4.0,2.0,1362.0,Single Family Residence,2018,935000.0
5689 Makati Cir H, San Jose,95123,1.0,1.0,690.0,Condominium,1954,460000.0
1508 Huddersfield Ct, San Jose,95126,3.0,2.0,1161.0,Townhouse,2019,842000.0
1310 Saddle Rack St #347, San Jose,95126,2.0,2.0,1258.0,Condominium,1984,775000.0
2433 Apsis Ave, San Jose,95124,3.0,2.0,1394.0,Single Family Residence,1990,1300000.0
1080 Sherman St, San Jose,95110,2.0,1.0,812.0,Single Family Residence,1916,650000.0
764 Windell Ct, San Jose,95123,3.0,2.0,1283.0,Single Family Residence,1973,990000.0
1062 Summershore Ct, San Jose,95122,1.0,1.0,512.0,Condominium,2009,359000.0
670 E Mission St, San Jose,95112,2.0,1.0,1007.0,Single Family Residence,1996,880000.0
1033 Ramona Ave, San Jose,95125,4.0,3.0,2138.0,Single Family Residence,1966,1200000.0
5201 Cribari Hls, San Jose,95135,2.0,2.0,1240.0,Condominium,1985,459000.0
554 Menker Ave, San Jose,95128,3.0,3.0,1606.0,Single Family Residence,1986,1190000.0
423 Colony Cove Dr, San Jose,95123,2.0,1.0,942.0,Townhouse,1984,618000.0
1550 Technology Dr, San Jose,95110,1.0,1.0,831.0,Condominium,1978,545000.0
5328 Estrade Dr, San Jose,95118,4.0,2.0,2283.0,Single Family Residence,1947,1335000.0
2056 Ojo De Agua Ct, San Jose,95116,3.0,1.0,1180.0,Townhouse,1967,550000.0
3163 Kenland Dr, San Jose,95111,3.0,2.0,1094.0,Condominium,1972,588000.0
1550 Technology Dr #3033, San Jose,95110,1.0,1.0,831.0,Condominium,1990,545000.0
809 Adeline Ave, San Jose,95136,4.0,3.5,2411.0,Single Family Residence,1941,960000.0
14906 Herchell Dr, San Jose,95127,4.0,2.0,1485.0,Single Family Residence,1984,875000.0
782 N 12th St, San Jose,95112,3.0,2.0,1050.0,Duplex,2006,1050000.0
3449 Golf Dr, San Jose,95127,4.0,3.5,1995.0,Single Family Residence,1969,820000.0
133 Llano De Los Robles Ave #3, San Jose,95136,4.0,3.5,1995.0,Condominium,1950,1041790.0
109 Manly Ter #4, San Jose,95136,3.0,2.5,1497.0,Condominium,1960,1101942.0
219 Cheryl Beck Ct, San Jose,95119,4.0,2.0,1683.0,Single Family Residence,1959,1050000.0
825 Sinbad Ave, San Jose,95116,3.0,3.0,1818.0,Single Family Residence,1974,826500.0
3058 San Jose Vineyard Ct #1, San Jose,95136,5.0,3.0,2970.0,Condominium,2008,907000.0
6342 Gondola Way, San Jose,95120,3.0,1.0,1043.0,Single Family Residence,2006,1575000.0
2649 Mozart Ave, San Jose,95122,4.0,2.5,2540.0,Single Family Residence,2007,687000.0
5971 Valley Meadow Ct, San Jose,95135,3.0,1.0,960.0,Single Family Residence,1955,1800000.0
1657 Scotty St, San Jose,95122,2.0,1.0,1035.0,Single Family Residence,1966,698000.0
1233 Fremont St, San Jose,95126,4.0,2.5,1474.0,Single Family Residence,1955,1170000.0
1812 Queen Victoria, San Jose,95132,1.0,1.0,560.0,Townhouse,1976,790000.0
1850 Evans #86, San Jose,95125,3.0,2.5,2054.0,Single Family Residence,1898,132500.0
1021 Westwood Dr, San Jose,95125,2.0,2.5,1626.0,Single Family Residence,1955,1670000.0
904 Sakura Dr, San Jose,95112,2.0,1.0,920.0,Townhouse,2003,825000.0
11954 Duncan St, San Jose,95127,3.0,2.0,1176.0,Single Family Residence,1990,660000.0
1265 Lime Dr,Sunnyvale,94087,3.0,2.0,1388.0,Single Family Residence,1956,2158000.0
801 Peach Ave,Sunnyvale,94087,3.0,2.0,1337.0,Single Family Residence,1954,1950000.0
1369 Bedford Ave,Sunnyvale,94087,4.0,2.5,2409.0,Single Family Residence,1975,2525000.0
1220 Tasman,Sunnyvale,94089,3.0,2.0,1577.0,Manufactured In Park,2006,310000.0
999 Evelyn Ter,Sunnyvale,94086,1.0,1.0,778.0,Condominium,1976,630000.0
1494 Bernardo Ave,Sunnyvale,94087,3.0,2.0,1770.0,Single Family Residence,1958,2155000.0
616 Templeton Ct,Sunnyvale,94087,4.0,2.0,1409.0,Single Family Residence,1959,2022500.0
1101 Palamos Ave,Sunnyvale,94089,3.0,2.0,1108.0,Single Family Residence,1958,1250000.0
679 Crescent Ave,Sunnyvale,94087,2.0,1.5,1222.0,Townhouse,1972,950000.0
422 Santo Domingo Ter,Sunnyvale,94085,3.0,2.5,1603.0,Condominium,2019,1442700.0
411 Santo Domingo Ter,Sunnyvale,94085,3.0,2.5,1537.0,Condominium,2019,1240000.0
408 Santo Domingo Ter,Sunnyvale,94085,3.0,2.5,1537.0,Condominium,2019,1275000.0
409 Santo Domingo,Sunnyvale,94085,3.0,2.5,1537.0,Condominium,2019,1240000.0
795 Homestead Rd,Sunnyvale,94087,3.0,2.0,1512.0,Single Family Residence,1960,1862000.0
1150 Karby Ter,Sunnyvale,94089,2.0,2.0,979.0,Condominium,2015,1000000.0
414 Santo Domingo Ter,Sunnyvale,94085,3.0,2.5,1537.0,Condominium,2019,1275000.0
410 Santo Domingo Ter,Sunnyvale,94085,3.0,2.5,1537.0,Condominium,2019,1278888.0
929 El Camino Real,Sunnyvale,94087,2.0,1.0,747.0,Condominium,1988,730000.0
1365 Socorro Ave,Sunnyvale,94089,4.0,2.0,1580.0,Single Family Residence,1956,1500000.0
1225 Vienna Drive,Sunnyvale,94089,3.0,2.0,1710.0,Manufactured In Park,2008,255000.0
1220 Tasman Dr,Sunnyvale,94089,3.0,2.0,1512.0,Manufactured In Park,2014,316000.0
254 Ginko Ter,Sunnyvale,94086,3.0,2.5,1629.0,Townhouse,2006,1322000.0
236 Red Oak Dr,Sunnyvale,94086,2.0,1.5,974.0,Condominium,1971,900000.0
630 Antioch Ter,Sunnyvale,94085,2.0,2.5,1277.0,Townhouse,2005,1055000.0
998 Duane Ave,Sunnyvale,94085,2.0,2.0,1318.0,Townhouse,2011,1182000.0
871 Lakehaven Dr,Sunnyvale,94089,4.0,3.0,2049.0,Single Family Residence,2019,1850000.0
606 Arcadia Ter,Sunnyvale,94085,2.0,2.0,1160.0,Condominium,1996,942000.0
1085 Tasman Dr.,Sunnyvale,94089,2.0,2.0,1040.0,Manufactured In Park,1980,179000.0
612 Arcadia Ter,Sunnyvale,94085,3.0,2.0,1300.0,Condominium,1996,1056000.0
402 Santo Domingo Ter,Sunnyvale,94085,3.0,2.5,1851.0,Condominium,2019,1450000.0
1201 Sycamore Ter,Sunnyvale,94086,2.0,1.0,704.0,Manufactured In Park,1964,135000.0
843 Durshire Way,Sunnyvale,94087,4.0,2.0,1525.0,Single Family Residence,1961,2100000.0
407 Santo Domingo Ter,Sunnyvale,94085,3.0,2.5,1537.0,Condominium,2019,1235000.0
566 Maple Ave,Sunnyvale,94085,3.0,2.0,1288.0,Single Family Residence,1950,1480000.0
330 Fair Oaks Ave,Sunnyvale,94085,4.0,3.5,1769.0,Townhouse,2015,1410000.0
110 Maidenhair Ter,Sunnyvale,94086,3.0,3.5,1734.0,Townhouse,2017,1420000.0
1201 Sycamore Ter,Sunnyvale,94086,2.0,1.0,713.0,Manufactured In Park,2014,168000.0
979 Pinto Palm Ter,Sunnyvale,94087,2.0,2.0,1191.0,Townhouse,1995,990000.0
850 Rubis Dr,Sunnyvale,94087,5.0,2.5,2178.0,Single Family Residence,1965,2390000.0
1626 Wolfe Rd,Sunnyvale,94087,4.0,3.0,1923.0,Single Family Residence,1957,1935000.0
1220 Tasman Dr,Sunnyvale,94089,3.0,2.0,1007.0,Manufactured In Park,2001,222888.0
858 Remington Dr,Sunnyvale,94087,3.0,2.0,1472.0,Single Family Residence,1957,1901000.0
1220 Tasman Dr,Sunnyvale,94089,3.0,2.0,1453.0,Manufactured In Park,1998,290900.0
905 Sunrose Ter,Sunnyvale,94086,3.0,2.0,1490.0,Condominium,1994,1196000.0
735 Lakewood Dr,Sunnyvale,94089,3.0,2.0,1420.0,Single Family Residence,1957,1267500.0
1078 Clematis Dr,Sunnyvale,94086,3.0,2.0,1767.0,Single Family Residence,1970,2022000.0
526 Porpoise Bay Ter,Sunnyvale,94089,3.0,2.5,2013.0,Townhouse,1992,1315000.0
304 Persian Dr,Sunnyvale,94089,3.0,1.0,1000.0,Single Family Residence,1954,1600000.0
538 Ironwood Ter,Sunnyvale,94086,1.0,1.0,747.0,Condominium,1983,635000.0
975 Asilomar Ter,Sunnyvale,94086,2.0,2.5,1584.0,Townhouse,1992,1255000.0
600 Weddell Dr,Sunnyvale,94089,2.0,2.0,1040.0,Manufactured In Park,1990,193900.0
1220 Tasman Dr,Sunnyvale,94089,3.0,2.0,1728.0,Manufactured In Park,1998,300000.0
914 Bluebell Way,Sunnyvale,94086,4.0,2.0,1659.0,Single Family Residence,1968,1955000.0
354 Stowell Ave,Sunnyvale,94085,3.0,2.0,1428.0,Single Family Residence,1949,1625000.0
1147 Reed Ave,Sunnyvale,94086,3.0,1.5,1084.0,Condominium,1972,825000.0
127 Crescent Ave,Sunnyvale,94087,2.0,2.5,1326.0,Condominium,1991,1180000.0
1103 Reed Ave,Sunnyvale,94086,2.0,1.0,917.0,Condominium,1972,665000.0
1220 Tasman,Sunnyvale,94089,3.0,2.0,1575.0,Manufactured In Park,2019,379000.0
1105 Interlaken Ter,Sunnyvale,94089,4.0,3.5,1908.0,Townhouse,2014,1570000.0
511 Cheyenne Dr,Sunnyvale,94087,3.0,2.5,1572.0,Townhouse,1971,1350000.0
847 Lakehaven Dr,Sunnyvale,94089,5.0,5.0,1924.0,Single Family Residence,1959,1425000.0
782 Dona Ave,Sunnyvale,94087,3.0,1.0,1024.0,Single Family Residence,1953,1450000.0
1225 Vienna Dr,Sunnyvale,94089,3.0,2.0,1350.0,Manufactured In Park,2000,159900.0
1150 Pecos Way,Sunnyvale,94089,4.0,3.0,1454.0,Single Family Residence,1958,1450000.0
1085 Tasman,Sunnyvale,94089,3.0,2.0,1900.0,Manufactured In Park,2007,358800.0
690 Persian Dr,Sunnyvale,94089,2.0,2.0,1440.0,Manufactured In Park,1977,150000.0
571 Holthouse Ter,Sunnyvale,94087,2.0,2.5,1276.0,Townhouse,2014,1315000.0
571 Holthouse,Sunnyvale,94087,2.0,2.5,1276.0,Townhouse,2014,1315000.0
846 Cotati Ter,Sunnyvale,94085,3.0,3.5,1537.0,Townhouse,2019,1340000.0
1111 Morse Ave,Sunnyvale,94089,2.0,2.0,1344.0,Manufactured In Park,1975,180000.0
577 Taylor Ave,Sunnyvale,94085,2.0,2.0,985.0,Condominium,1980,850000.0
955 Bidwell Ave,Sunnyvale,94086,3.0,2.0,1210.0,Single Family Residence,1956,1540000.0
125 Mary Ave,Sunnyvale,94086,4.0,2.0,1740.0,Manufactured In Park,1999,385000.0
831 Bremerton Dr,Sunnyvale,94087,4.0,3.0,2224.0,Single Family Residence,1956,2362000.0
1225 Vienna Dr,Sunnyvale,94089,3.0,2.0,1552.0,Manufactured In Park,2002,165000.0
1111 Morse Ave,Sunnyvale,94089,1.0,2.0,1536.0,Manufactured In Park,1975,214000.0
565 Kirk Ave,Sunnyvale,94085,3.0,2.0,1473.0,Single Family Residence,1950,1680000.0
235 Twinlake Dr,Sunnyvale,94089,4.0,3.0,1433.0,Single Family Residence,1957,1520000.0
448 Costa Mesa Ter,Sunnyvale,94085,3.0,2.0,1094.0,Condominium,1985,935000.0
847 Maria Ln,Sunnyvale,94086,4.0,3.0,1695.0,Townhouse,2019,1360000.0
137 Ferndale Ave,Sunnyvale,94085,3.0,2.5,1638.0,Single Family Residence,2000,1660000.0
1085 Tasman Dr,Sunnyvale,94089,3.0,3.0,1860.0,Manufactured In Park,2018,429000.0
860 Duane Ave,Sunnyvale,94085,3.0,3.5,1663.0,Townhouse,2018,1270000.0
880 Fremont Ave,Sunnyvale,94087,2.0,2.0,930.0,Condominium,1987,840000.0
1225 Vienna Dr,Sunnyvale,94089,3.0,2.0,1593.0,Manufactured In Park,1994,140000.0
761 Sequoia Dr,Sunnyvale,94086,3.0,2.5,1938.0,Single Family Residence,1970,1925000.0
832 Nisqually Dr,Sunnyvale,94087,4.0,3.0,2652.0,Single Family Residence,1960,2100000.0
738 Lakewood Dr,Sunnyvale,94089,3.0,2.0,1252.0,Single Family Residence,1957,1100000.0
1069 Saginaw Ter,Sunnyvale,94089,2.0,2.0,1028.0,Townhouse,2008,965000.0
1548 Bernardo Ave,Sunnyvale,94087,3.0,2.0,1435.0,Single Family Residence,1956,1500000.0
107 Maidenhair Ter,Sunnyvale,94086,2.0,2.5,1313.0,Townhouse,2017,1220000.0
1303 Selo Dr,Sunnyvale,94087,3.0,1.0,913.0,Single Family Residence,1949,1500000.0
580 Ahwanee Ave,Sunnyvale,94087,3.0,2.0,1182.0,Manufactured In Park,1997,185000.0
1351 Wright Ave,Sunnyvale,94087,3.0,2.0,1526.0,Single Family Residence,1953,1930000.0
704 San Conrado Ter,Sunnyvale,94085,2.0,2.0,1078.0,Townhouse,1986,900000.0
1111 Morse Ave,Sunnyvale,94089,3.0,2.0,1680.0,Manufactured In Park,2010,245000.0
125 Mary Ave,Sunnyvale,94086,3.0,2.0,1560.0,Manufactured In Park,1999,341000.0
956 Washington Ave,Sunnyvale,94086,3.0,2.0,1210.0,Single Family Residence,1956,1800000.0
860 Duane Ave,Sunnyvale,94085,3.0,3.5,1773.0,Condominium,2018,1250000.0
1468 Floyd Ave,Sunnyvale,94087,3.0,2.0,1762.0,Single Family Residence,1960,1950000.0
950 Iowa Ave,Sunnyvale,94086,3.0,2.0,1928.0,Single Family Residence,1954,1879310.0
227 Garner Dr,Sunnyvale,94089,4.0,2.0,1152.0,Single Family Residence,1954,1305000.0
820 Duane Ave,Sunnyvale,94085,2.0,2.5,1194.0,Condominium,2019,1060000.0
1225 Vienna Drive,Sunnyvale,94089,4.0,2.0,1500.0,Manufactured In Park,1999,190000.0
1525 Mary Ave,Sunnyvale,94087,5.0,2.0,2086.0,Single Family Residence,1956,2050000.0
1225 Vienna Rd,Sunnyvale,94089,2.0,2.0,1440.0,Manufactured In Park,1970,92500.0
558 Arbor Ave,Sunnyvale,94085,3.0,1.0,1274.0,Single Family Residence,1952,1190000.0
600 Weddell Dr,Sunnyvale,94089,2.0,1.5,900.0,Manufactured In Park,1970,127000.0
1085 Tasman Dr,Sunnyvale,94089,3.0,2.0,1450.0,Manufactured In Park,1995,280000.0
1271 Poplar Ave,Sunnyvale,94086,2.0,2.0,1040.0,Condominium,1984,800000.0
1225 Vienna Dr,Sunnyvale,94089,3.0,2.0,1710.0,Manufactured In Park,1998,159500.0
1220 Tasman Dr,Sunnyvale,94089,2.0,2.0,1200.0,Manufactured In Park,1974,200000.0
198 Cirrus Ave,Sunnyvale,94087,3.0,2.0,1277.0,Single Family Residence,1956,1600000.0
600 Weddell Dr,Sunnyvale,94089,2.0,2.0,1172.0,Manufactured In Park,1999,204900.0
1498 Arcangel Ter, Pleasanton,94588,4.0,4.5,1948.0,Townhouse,2017,950000.0
5159 Oakdale Ct, Pleasanton,94588,3.0,2.5,1906.0,Townhouse,1973,905000.0
1140 Tiffany Ln, Pleasanton,94566,3.0,2.5,1708.0,Single Family Residence,1986,850000.0
2095 Eilene Dr, Pleasanton,94588,4.0,3.5,2187.0,Single Family Residence,1988,1300000.0
2320 Fairfield Ct, Pleasanton,94566,3.0,2.0,1540.0,Single Family Residence,1968,1100000.0
404 Mission Drive, Pleasanton,94566,3.0,2.0,1692.0,Single Family Residence,1968,1200000.0
1137 Via Di Salerno, Pleasanton,94566,5.0,4.5,5411.0,Single Family Residence,1999,2776000.0
2023 Aleaxander Ct, Pleasanton,94588,2.0,2.5,1230.0,Townhouse,1986,704000.0
3645 Dunsmuir Cir, Pleasanton,94588,4.0,2.5,2434.0,Single Family Residence,1986,1200323.0
6730 Paseo Catalina, Pleasanton,94566,4.0,2.5,2000.0,Single Family Residence,1988,1289000.0
751 Clara Ln, Pleasanton,94566,4.0,3.0,4544.0,Single Family Residence,1986,1830000.0
696 Concord Pl, Pleasanton,94566,2.0,1.5,1096.0,Townhouse,1985,560000.0
4975 Drywood St, Pleasanton,94588,4.0,2.0,2201.0,Single Family Residence,1969,1155000.0
5143 Hummingbird Rd, Pleasanton,94566,4.0,2.5,2046.0,Single Family Residence,1967,1370000.0
839 Division St, Pleasanton,94566,2.0,1.0,863.0,Condominium,1959,450000.0
2809 Whitney Dr, Pleasanton,94566,3.0,2.5,1434.0,Single Family Residence,1988,925000.0
6074 Acadia Ct, Pleasanton,94588,4.0,2.0,1626.0,Single Family Residence,1971,945000.0
833 Castlewood Pl, Pleasanton,94566,5.0,3.5,5193.0,Single Family Residence,1991,2152000.0
823 Division St, Pleasanton,94566,1.0,1.0,600.0,Condominium,1959,390000.0
Arbor Dr, Pleasanton,94566,3.0,2.0,1471.0,Single Family Residence,1976,980000.0
7557 Rosedale Ct, Pleasanton,94588,3.0,2.5,1928.0,Townhouse,1985,800000.0
444 Vineyard Pl, Pleasanton,94566,3.0,2.0,1444.0,Single Family Residence,1987,785796.0
2122 Arroyo Ct, Pleasanton,94588,2.0,1.0,903.0,Condominium,1972,460000.0
916 Mingoia St, Pleasanton,94566,5.0,4.5,3892.0,Single Family Residence,2007,2100000.0
2933 Lethbridge Ct, Pleasanton,94588,4.0,2.0,2007.0,Single Family Residence,1986,1240000.0
21 Huested Street, Pleasanton,94566,4.0,3.5,2066.0,Single Family Residence,2019,995000.0
892 Chateau Heights Ct, Pleasanton,94566,5.0,4.5,4183.0,Single Family Residence,2007,2045000.0
5011 Forest Hill Dr, Pleasanton,94588,5.0,3.0,3430.0,Single Family Residence,1996,1950000.0
1089 Via Di Salerno, Pleasanton,94566,5.0,5.5,6059.0,Single Family Residence,2000,2750000.0
4767 Sutter Gate Ave, Pleasanton,94566,3.0,2.0,1445.0,Single Family Residence,1985,1150000.0
5927 Sterling Greens Cir, Pleasanton,94566,5.0,4.0,4061.0,Single Family Residence,2004,1764000.0
1545 Loganberry Way, Pleasanton,94566,3.0,2.0,1377.0,Single Family Residence,1965,1035000.0
311 Amador Ct, Pleasanton,94566,3.0,1.0,1103.0,Single Family Residence,1953,802000.0
83 Silver Oaks, Pleasanton,94566,4.0,4.5,4839.0,Single Family Residence,2019,3200000.0
2539 Willowren Way, Pleasanton,94566,4.0,2.0,1894.0,Single Family Residence,1968,1295000.0
4592 Carver Ct, Pleasanton,94588,3.0,2.0,1430.0,Single Family Residence,1968,942000.0
3611 Cameron Ave., Pleasanton,94588,4.0,3.0,3385.0,Single Family Residence,1988,1900000.0
4227 Diavila Ave, Pleasanton,94588,3.0,2.5,1850.0,Single Family Residence,1993,1110000.0
3120 Cranwood Ct, Pleasanton,94588,4.0,3.0,2385.0,Single Family Residence,1973,1170000.0
4871 Woodthrush Road, Pleasanton,94566,4.0,2.0,1812.0,Single Family Residence,1975,1170000.0
577 Sycamore Creek Way, Pleasanton,94566,4.0,4.5,4080.0,Single Family Residence,2007,1949000.0
5130 Angelico Ct, Pleasanton,94588,4.0,2.5,1929.0,Single Family Residence,1997,1100000.0
7501 Rosedale Court, Pleasanton,94588,3.0,2.5,1925.0,Townhouse,1985,878000.0
3641 Sirah Court, Pleasanton,94566,3.0,3.0,2240.0,Single Family Residence,1966,1150000.0
1644 Tanglewood Ct, Pleasanton,94566,3.0,2.0,2066.0,Single Family Residence,1964,1190000.0
617 E Angela Street, Pleasanton,94566,4.0,2.5,2056.0,Single Family Residence,1956,1598000.0
3284 Monmouth Ct, Pleasanton,94588,4.0,3.0,1941.0,Single Family Residence,1968,1263000.0
4275 Holland Dr, Pleasanton,94588,4.0,2.0,1747.0,Single Family Residence,1971,945000.0
7211 Valley View Ct, Pleasanton,94588,3.0,2.5,1928.0,Townhouse,1987,798000.0
5368 Brookside Ct, Pleasanton,94588,3.0,2.5,1925.0,Townhouse,1981,812500.0
496 Adams Way, Pleasanton,94566,4.0,2.5,2617.0,Single Family Residence,1973,1450000.0
3862 Pimlico Dr, Pleasanton,94588,4.0,2.5,1541.0,Townhouse,1980,705000.0
3782 Vine St, Pleasanton,94566,4.0,2.5,1965.0,Townhouse,2015,851000.0
7251 S Valley Trails Dr, Pleasanton,94588,4.0,3.0,1960.0,Single Family Residence,1971,1013469.0
4256 Brindisi Pl, Pleasanton,94566,5.0,3.0,3709.0,Single Family Residence,2000,2000000.0
456 Montori Ct, Pleasanton,94566,4.0,3.0,2680.0,Single Family Residence,1995,1475000.0
278 Birch Creek Dr, Pleasanton,94566,2.0,2.5,1221.0,Townhouse,1986,675000.0
2659 Calle Morelia, Pleasanton,94566,4.0,2.5,2204.0,Single Family Residence,1984,1368000.0
915 Kolln St., Pleasanton,94566,3.0,2.0,1630.0,Single Family Residence,1957,1158000.0
3259 Flemington Ct, Pleasanton,94588,4.0,2.0,1956.0,Single Family Residence,1971,966000.0
1047 Harvest Circle, Pleasanton,94566,4.0,2.5,2619.0,Single Family Residence,1978,1325000.0
3860 Antonini Way, Pleasanton,94566,5.0,5.5,7463.0,Single Family Residence,2003,3150000.0
3837 Brockton Dr, Pleasanton,94588,3.0,1.5,1242.0,Townhouse,1977,610000.0
3375 Harpers Ferry Court, Pleasanton,94588,3.0,2.0,1386.0,Single Family Residence,1971,920000.0
8226 Regency Dr, Pleasanton,94588,5.0,3.5,4106.0,Single Family Residence,1998,2190000.0
3463 Zion Canyon Court, Pleasanton,94588,4.0,2.0,1562.0,Single Family Residence,1971,1070000.0
5531 Baldwin Way, Pleasanton,94588,3.0,2.5,1792.0,Townhouse,1990,810000.0
4534 Eull Ct, Pleasanton,94566,4.0,2.5,2088.0,Single Family Residence,1971,1275000.0
7414 Hillview Ct, Pleasanton,94588,4.0,2.0,2004.0,Single Family Residence,1969,1113000.0
1018 Via Di Salerno, Pleasanton,94566,4.0,3.5,5000.0,Single Family Residence,1999,2305000.0
7528 Maywood Dr, Pleasanton,94588,4.0,2.0,1560.0,Single Family Residence,1971,1055000.0
403 Saint Mary St, Pleasanton,94566,3.0,1.0,1120.0,Single Family Residence,1915,968000.0
3140 Caramello Ct, Pleasanton,94588,3.0,2.5,1761.0,Townhouse,1994,875000.0
5504 Corte Sierra, Pleasanton,94566,5.0,4.5,2723.0,Single Family Residence,1970,1300000.0
47 Silver Oaks Ct, Pleasanton,94566,5.0,5.5,6186.0,Single Family Residence,2017,4000000.0
7267 Beaumont Ct, Pleasanton,94566,5.0,4.5,4792.0,Single Family Residence,2004,2300000.0
5480 Greenfield Way, Pleasanton,94566,5.0,3.0,2587.0,Single Family Residence,1966,1210000.0
9966 Longview, Pleasanton,94588,4.0,3.0,3011.0,Single Family Residence,1980,2000000.0
4550 Entrada Ct, Pleasanton,94566,4.0,3.0,2074.0,Single Family Residence,1956,1260000.0
9517 Macdonald Ct, Pleasanton,94588,4.0,3.5,3424.0,Single Family Residence,1999,2135000.0
936 Happy Valley Rd, Pleasanton,94566,3.0,2.5,2933.0,Single Family Residence,1997,1358500.0
748 Saint Michael Cir, Pleasanton,94566,4.0,2.5,1611.0,Townhouse,1984,755000.0
3496 Cumberland Gap Ct, Pleasanton,94588,3.0,2.0,1549.0,Single Family Residence,1971,950000.0
7895 Camino Tassajara, Pleasanton,94588,2.0,1.5,972.0,Single Family Residence,1967,1350000.0
1752 Tanglewood Way, Pleasanton,94566,4.0,2.0,2112.0,Single Family Residence,1966,1290000.0
2131 Rheem Dr, Pleasanton,94588,3.0,2.5,1490.0,Townhouse,1986,835000.0
2197 Arroyo Ct, Pleasanton,94588,2.0,1.0,810.0,Condominium,1971,473000.0
3175 Caramello Ct, Pleasanton,94588,2.0,2.0,1381.0,Townhouse,1994,755000.0
6826 Via Quito, Pleasanton,94566,4.0,2.0,1489.0,Single Family Residence,1975,1042000.0
902 Clinton Pl, Pleasanton,94566,3.0,2.0,1587.0,Single Family Residence,1990,905000.0
4850 Woodthrush Rd, Pleasanton,94566,4.0,3.0,2996.0,Single Family Residence,1971,1485000.0
7851 Creekside Dr., Pleasanton,94588,3.0,2.5,1614.0,Townhouse,1992,717000.0
8035 Mountain View Dr, Pleasanton,94588,2.0,2.0,1043.0,Condominium,1991,552500.0
4426 Yuma Ct, Pleasanton,94588,3.0,1.5,1130.0,Townhouse,1971,630000.0
788 Donata Ct, Pleasanton,94566,5.0,7.0,6608.0,Single Family Residence,2001,2850000.0
5266 Forest Hill Dr, Pleasanton,94588,5.0,2.5,2440.0,Single Family Residence,1970,1235000.0
708 Saint John Cir, Pleasanton,94566,4.0,3.0,2590.0,Single Family Residence,1997,1395000.0
4071 Blacow St, Pleasanton,94566,3.0,2.0,1567.0,Single Family Residence,1984,1032000.0
1010 Lamb Ct, Pleasanton,94566,4.0,2.5,2029.0,Single Family Residence,1999,980000.0
7899 Medinah Ct, Pleasanton,94588,3.0,3.0,2520.0,Single Family Residence,1994,1285000.0
2756 Willowren Way, Pleasanton,94566,5.0,3.0,2661.0,Single Family Residence,1968,1320000.0
Inglewood, Pleasanton,94588,4.0,2.0,1831.0,Single Family Residence,1968,1000000.0
2602 Calle Morelia, Pleasanton,94566,4.0,2.5,2108.0,Single Family Residence,1984,1345000.0
4100 Veneto Ct, Pleasanton,94588,2.0,2.0,1064.0,Condominium,1997,658000.0
15 Shore Dr, Pleasanton,94566,3.0,2.5,1620.0,Single Family Residence,1994,940000.0
628 Palomino Dr, Pleasanton,94566,4.0,2.5,2062.0,Townhouse,1994,770000.0
3436 Isle Royal Ct, Pleasanton,94588,4.0,2.0,1562.0,Single Family Residence,1971,822000.0
3806 Cheshire Ct., Pleasanton,94588,4.0,2.0,1853.0,Single Family Residence,1985,1170000.0
6519 Singletree Way, Pleasanton,94588,4.0,2.0,1831.0,Single Family Residence,1971,1030000.0
7937 Paragon Cir, Pleasanton,94588,5.0,3.5,4383.0,Single Family Residence,1996,2330000.0
4341 Bevilacqua Ct, Pleasanton,94566,3.0,2.5,1536.0,Single Family Residence,1975,953000.0
5161 Willowview Ct, Pleasanton,94588,3.0,2.5,1549.0,Townhouse,1973,780000.0
1278 Royal Creek Ct, Pleasanton,94566,5.0,4.0,3748.0,Single Family Residence,2004,1780000.0
1527 Honey Suckle Ct, Pleasanton,94588,5.0,4.5,6572.0,Single Family Residence,1997,3500000.0
3792 Mckinney Lane, Pleasanton,94566,4.0,3.5,2402.0,Single Family Residence,2019,1080000.0
2608 Calle Morelia Dr., Pleasanton,94566,4.0,3.0,2339.0,Single Family Residence,1984,1355000.0
7341 Tulipwood Cir, Pleasanton,94588,3.0,2.0,1355.0,Single Family Residence,1968,772000.0
3325 Hadsell Ct, Pleasanton,94588,4.0,2.5,1971.0,Single Family Residence,1993,1185000.0
5231 Crestline Way, Pleasanton,94566,3.0,2.0,1377.0,Single Family Residence,1965,980000.0
2161 Pomezia Ct, Pleasanton,94566,4.0,3.0,3520.0,Single Family Residence,1997,1700000.0
4173 W Ruby Hill Dr, Pleasanton,94566,5.0,4.5,5480.0,Single Family Residence,2005,2780000.0
2220 Oakland Ave, Pleasanton,94588,3.0,2.5,1468.0,Single Family Residence,1984,900000.0
2606 Minton Ct, Pleasanton,94566,4.0,2.5,1949.0,Single Family Residence,1994,1120000.0
3399 Smoketree Commons Dr, Pleasanton,94566,2.0,2.0,938.0,Condominium,1988,489000.0
2646 Becard Ct, Pleasanton,94566,4.0,2.0,2186.0,Single Family Residence,1968,1150000.0
893 Chateau Heights Ct, Pleasanton,94566,6.0,6.5,5326.0,Single Family Residence,2007,2750000.0
4529 Lakewood St, Pleasanton,94588,4.0,2.5,2094.0,Single Family Residence,1967,1125000.0
6386 Shorewood, Pleasanton,94588,3.0,2.0,1560.0,Single Family Residence,1970,930000.0
3633 Dunsmuir Cir, Pleasanton,94588,3.0,2.0,1940.0,Single Family Residence,1986,1080000.0
2946 Lethbridge Ct, Pleasanton,94588,4.0,2.5,2144.0,Single Family Residence,1986,1200000.0
6386 Shorewood Ct, Pleasanton,94588,3.0,2.0,1560.0,Single Family Residence,1970,930000.0
4574 Mohr Ave, Pleasanton,94566,3.0,2.0,1813.0,Single Family Residence,1971,940000.0
3087 Tonopah Cir, Pleasanton,94588,3.0,2.0,1220.0,Townhouse,1978,660000.0
1279 Lozano Ct, Pleasanton,94566,4.0,3.5,5642.0,Single Family Residence,2001,2535000.0
8213 Regency Dr, Pleasanton,94588,5.0,3.5,4469.0,Single Family Residence,2000,2230000.0
3914 Blacow Ct, Pleasanton,94566,4.0,3.0,2042.0,Single Family Residence,1984,1250000.0
7730 Canyon Meadow Cir, Pleasanton,94588,1.0,1.0,790.0,Condominium,1991,425000.0
3643 N Olympic Ct, Pleasanton,94588,4.0,2.0,1576.0,Single Family Residence,1968,998888.0
4113 Garibaldi Pl, Pleasanton,94566,3.0,2.5,1666.0,Single Family Residence,1991,900000.0
4441 Clovewood Ln, Pleasanton,94588,3.0,2.0,1355.0,Single Family Residence,1966,825000.0
33 Huested Street, Pleasanton,94566,4.0,3.5,2066.0,Single Family Residence,2019,990000.0
34 Huested Street, Pleasanton,94566,4.0,3.5,2402.0,Single Family Residence,2019,1025000.0
2115 Rheem Dr, Pleasanton,94588,2.0,2.0,1071.0,Single Family Residence,1986,710000.0
1759 Spumante Pl, Pleasanton,94566,5.0,4.5,6403.0,Single Family Residence,1999,2800000.0
844 Genevieve Place, Pleasanton,94566,3.0,2.0,2240.0,Single Family Residence,1997,1300000.0
3277 Curtis Cir, Pleasanton,94588,3.0,2.0,1673.0,Single Family Residence,1985,1130000.0
2856 Gray Fox Ct, Pleasanton,94566,5.0,4.5,4658.0,Single Family Residence,1989,2345000.0
1707 Orchard Way, Pleasanton,94566,4.0,2.5,2087.0,Single Family Residence,1966,1231000.0
5568 Corte Sierra, Pleasanton,94566,3.0,2.5,2188.0,Single Family Residence,1986,1140000.0
4117 Moselle Ct, Pleasanton,94566,4.0,2.0,1872.0,Single Family Residence,1966,1050000.0
4144 Jensen St, Pleasanton,94566,3.0,1.5,1400.0,Single Family Residence,1954,840000.0
575 Hamilton Way, Pleasanton,94566,3.0,2.0,1886.0,Single Family Residence,1975,1015000.0
4425 Mirador Drive, Pleasanton,94566,3.0,2.0,1644.0,Single Family Residence,1961,1025000.0
3977 Alma Ct, Pleasanton,94588,4.0,2.0,1489.0,Single Family Residence,1971,950000.0
27 Huested Street, Pleasanton,94566,4.0,3.5,2066.0,Single Family Residence,2019,989950.0
2373 Sandpiper Way, Pleasanton,94566,3.0,2.0,1736.0,Single Family Residence,1966,1090000.0
4821 Livingston Pl, Pleasanton,94566,5.0,4.5,4070.0,Single Family Residence,2002,1998888.0
1796 Equestrian Dr, Pleasanton,94588,4.0,2.5,3137.0,Single Family Residence,1988,1825000.0
782 Rolling Hills Ln, Pleasanton,94566,7.0,5.5,4984.0,Single Family Residence,2007,2230000.0
1773 Orchard Way, Pleasanton,94566,6.0,3.0,2738.0,Single Family Residence,1966,1450000.0
3069 Paseo Granada, Pleasanton,94566,5.0,3.0,3104.0,Single Family Residence,1990,1550000.0
3720 Raboli St, Pleasanton,94566,5.0,5.5,5480.0,Single Family Residence,2001,2359400.0
819 Oak Manor Ct, Pleasanton,94566,5.0,5.5,5000.0,Single Family Residence,1999,2300000.0
2284 Goldcrest Cir, Pleasanton,94566,2.0,1.0,874.0,Single Family Residence,1969,725000.0
1516 Greenwood Rd., Pleasanton,94566,4.0,2.0,1716.0,Single Family Residence,1965,1020000.0
6786 Rancho Court, Pleasanton,94588,3.0,2.0,1372.0,Single Family Residence,1971,730000.0
1352 Briones Ct, Pleasanton,94588,5.0,4.5,4812.0,Single Family Residence,2005,2300000.0
377 Division St, Pleasanton,94566,2.0,2.0,1372.0,Single Family Residence,1961,888000.0
4117 Morganfield Ct, Pleasanton,94566,4.0,2.5,1802.0,Single Family Residence,1975,1165000.0
1634 Calle Santa Anna, Pleasanton,94566,3.0,2.0,1147.0,Townhouse,1971,758000.0
2158 Alexander Way, Pleasanton,94588,2.0,2.0,1071.0,Single Family Residence,1986,729000.0
4183 Torino Ct, Pleasanton,94588,3.0,2.5,1503.0,Townhouse,1997,837000.0
45 Huested Street, Pleasanton,94566,4.0,3.5,2066.0,Single Family Residence,2019,1015000.0
6703 Paseo Catalina, Pleasanton,94566,4.0,3.0,2293.0,Single Family Residence,1988,1210000.0
5492 Greenfield Way, Pleasanton,94566,4.0,2.0,1882.0,Single Family Residence,1966,1190000.0
1361 Via Di Salerno, Pleasanton,94566,5.0,5.5,6516.0,Single Family Residence,2001,3330000.0
38232 Luma Ter,Newark,94560,4.0,3.5,2115.0,Single Family Residence,2015,1040000.0
5451 Alamo Ter,Fremont,94555,3.0,2.5,1324.0,Single Family Residence,1988,1070001.0
38774 Stillwater Cmn,Fremont,94536,2.0,2.0,1001.0,Single Family Residence,1987,768350.0
39649 Whitecap Way,Fremont,94538,4.0,2.0,1760.0,Single Family Residence,1962,1152000.0
3857 Scamman Ct,Fremont,94538,4.0,2.0,1680.0,Single Family Residence,1954,1299000.0
34254 Stable Way,Fremont,94555,4.0,3.5,2651.0,Single Family Residence,2017,1625000.0
39648 Royal Palm Dr,Fremont,94538,3.0,2.0,1067.0,Single Family Residence,1961,760000.0
5427 Alamo Ter,Fremont,94555,4.0,2.5,1762.0,Single Family Residence,1988,1200000.0
37697 3Rd St,Fremont,94536,3.0,1.0,1152.0,Single Family Residence,1918,695600.0
3124 Bruce Dr,Fremont,94539,3.0,2.0,1294.0,Single Family Residence,1958,1200051.0
3223 Grand Lake Dr,Fremont,94555,3.0,2.0,1346.0,Single Family Residence,1975,1085000.0
4308 Bidwell Dr,Fremont,94538,5.0,2.0,1722.0,Single Family Residence,1962,942000.0
39390 Sutter Dr,Fremont,94538,3.0,2.0,1344.0,Single Family Residence,1959,975000.0
4114 Vincente St,Fremont,94536,4.0,2.0,1387.0,Single Family Residence,1967,848750.0
34325 Sandburg Dr,Union City,94587,5.0,3.5,2320.0,Single Family Residence,2000,1077000.0
39247 Sundale Dr,Fremont,94538,4.0,2.25,2253.0,Single Family Residence,1964,1068000.0
33148 Lake Superior Pl,Fremont,94555,2.0,1.5,880.0,Single Family Residence,1969,779000.0
32541 Salton Sea Ln,Fremont,94555,4.0,2.0,1476.0,Single Family Residence,1973,1000000.0
4699 Rousillon Ave,Fremont,94555,4.0,2.5,1600.0,Single Family Residence,1989,1058000.0
4812 Driftwood Dr,Fremont,94536,4.0,2.0,1444.0,Single Family Residence,1954,820000.0
36217 Magellan Dr,Fremont,94536,4.0,2.0,1574.0,Single Family Residence,1954,920000.0
36128 Pizarro Dr,Fremont,94536,3.0,2.0,1168.0,Single Family Residence,1955,860000.0
5292 Paxton Ct,Fremont,94536,3.0,2.5,1656.0,Single Family Residence,1959,925000.0
3238 Canterbury Ct,Fremont,94536,3.0,2.0,1662.0,Single Family Residence,1963,1099000.0
1160 Bennett Ct,Fremont,94536,4.0,2.0,1574.0,Single Family Residence,1977,1150000.0
900 Pepys Way,Fremont,94536,3.0,2.5,1384.0,Single Family Residence,1995,1050000.0
30 Lima Ter,Fremont,94539,4.0,2.5,2291.0,Single Family Residence,1985,1675000.0
41844 Sherwood St,Fremont,94538,4.0,3.0,1838.0,Single Family Residence,1961,1125000.0
42728 Mayfair Park Ave,Fremont,94538,4.0,2.0,1684.0,Single Family Residence,1964,1265000.0
5419 Borgia Rd,Fremont,94538,3.0,2.0,1549.0,Single Family Residence,1961,870000.0
37139 Edith St,Newark,94560,3.0,1.0,1006.0,Single Family Residence,1958,752000.0
40751 creston,Fremont,94538,4.0,2.0,1556.0,Single Family Residence,1961,1085000.0
40571 Creston St,Fremont,94538,4.0,2.0,1556.0,Single Family Residence,1961,1085000.0
367 Staircase Falls Cmns,Fremont,94539,3.0,3.5,2029.0,Single Family Residence,2019,1192680.0
4330 Gibraltar Dr,Fremont,94536,4.0,3.0,2580.0,Single Family Residence,1965,1375000.0
40767 Ondina Pl,Fremont,94539,4.0,3.0,2588.0,Single Family Residence,1994,1990000.0
37645 Farwell Dr,Fremont,94536,5.0,3.0,1902.0,Single Family Residence,1956,1080000.0
4147 Corrigan Dr,Fremont,94536,4.0,3.0,1885.0,Single Family Residence,1959,1290000.0
5405 Farina Ln,Fremont,94538,3.0,2.0,1302.0,Single Family Residence,1961,1015000.0
41720 Higgins Way,Fremont,94539,4.0,2.0,1672.0,Single Family Residence,1960,1518000.0
2622 Central Ct,Union City,94587,3.0,2.0,1382.0,Single Family Residence,1975,785000.0
4510 Alameda Dr,Fremont,94536,3.0,2.0,1347.0,Single Family Residence,1962,1010000.0
4292 Eggers Dr,Fremont,94536,3.0,2.0,2008.0,Single Family Residence,1958,1170000.0
2649 Barrington Ter,Fremont,94536,2.0,2.5,1376.0,Single Family Residence,1988,953998.0
47527 Tokopah Falls Ter,Fremont,94539,3.0,3.5,2172.0,Single Family Residence,2019,1316835.0
53 Verde Way,Fremont,94539,4.0,4.0,3020.0,Single Family Residence,2010,2000000.0
3864 Shovler Lake Ct,Fremont,94555,3.0,2.5,1439.0,Single Family Residence,1978,960000.0
4453 Porter St,Fremont,94538,3.0,1.0,950.0,Single Family Residence,1955,775000.0
4233 Crestwood St,Fremont,94538,3.0,2.0,1080.0,Single Family Residence,1958,1000000.0
36352 Pizarro Dr,Fremont,94536,3.0,2.0,1168.0,Single Family Residence,1956,895000.0
35536 Morley Pl,Fremont,94536,3.0,2.0,1579.0,Single Family Residence,1971,1020000.0
2579 Bishop,Fremont,94536,3.0,2.0,1487.0,Single Family Residence,1986,1015000.0
2649 Mallard Ct,Union City,94587,3.0,2.0,1392.0,Single Family Residence,1975,690000.0
401 Craycroft Dr,Fremont,94539,3.0,2.0,1300.0,Single Family Residence,1964,1160000.0
3646 Independence Rd,Fremont,94538,3.0,2.0,1112.0,Single Family Residence,1954,893000.0
41381 Danzon Ct,Fremont,94539,5.0,4.5,3310.0,Single Family Residence,2003,2340000.0
4684 Creekwood Dr,Fremont,94555,3.0,2.5,1522.0,Single Family Residence,1987,1140000.0
35239 Erving Ct,Fremont,94536,4.0,2.0,1714.0,Single Family Residence,1972,1211000.0
4235 Fairwood St,Fremont,94538,3.0,2.0,1198.0,Single Family Residence,1959,1065000.0
38872 Glenview Dr,Fremont,94536,3.0,2.0,1344.0,Single Family Residence,1960,1015000.0
5685 Roosevelt Pl,Fremont,94538,3.0,2.0,1344.0,Single Family Residence,1966,842000.0
33672 Pack Horse St,Fremont,94555,5.0,3.0,3103.0,Single Family Residence,2017,1950000.0
5137 Dupont Ave,Newark,94560,3.0,2.0,1190.0,Single Family Residence,1954,747000.0
4670 Sloan St,Fremont,94538,3.0,2.0,1131.0,Single Family Residence,1963,860000.0
5401 Shattuck Ave,Fremont,94555,4.0,2.5,1570.0,Single Family Residence,1989,1335000.0
34148 Auden Ct,Fremont,94555,4.0,2.0,1364.0,Single Family Residence,1970,950000.0
34107 Hummingbird Ter,Fremont,94555,4.0,2.5,1898.0,Single Family Residence,1998,1195000.0
42086 Vinha Way,Fremont,94539,4.0,4.5,3174.0,Single Family Residence,2019,2248000.0
295 Concho Dr,Fremont,94539,4.0,2.5,2140.0,Single Family Residence,1978,1580000.0
4707 Nicolet Ave,Fremont,94536,3.0,2.0,1168.0,Single Family Residence,1955,900000.0
43223 Calle Dolorosa,Fremont,94539,6.0,5.5,5953.0,Single Family Residence,1928,4368000.0
38800 Argonaut Way,Fremont,94536,4.0,2.0,1698.0,Single Family Residence,1961,989910.0
35554 Dee Pl,Fremont,94536,4.0,2.0,1714.0,Single Family Residence,1970,1185000.0
39876 Parada St,Newark,94560,3.0,2.5,1627.0,Single Family Residence,1994,900000.0
39016 Blacow Rd,Fremont,94538,3.0,2.0,1269.0,Single Family Residence,1961,890000.0
39459 Blacow Rd,Fremont,94538,3.0,2.0,1723.0,Single Family Residence,1963,940000.0
39748 Costa Way,Fremont,94538,3.0,2.0,1269.0,Single Family Residence,1963,920000.0
37762 Mosswood Dr,Fremont,94536,3.0,2.0,1166.0,Single Family Residence,1953,800000.0
4622 Sloat Rd,Fremont,94538,4.0,2.0,1800.0,Single Family Residence,1961,920000.0
45120 Parkmeadow Dr,Fremont,94539,4.0,2.5,1948.0,Single Family Residence,1978,1551000.0
4385 Nicolet Ave,Fremont,94536,4.0,2.0,1840.0,Single Family Residence,1965,1213600.0
4306 Calypso Ter,Fremont,94555,4.0,2.5,1826.0,Single Family Residence,1991,1125000.0
4461 Porter St,Fremont,94538,3.0,1.0,925.0,Single Family Residence,1955,750000.0
2528 Rutherford Ct,Fremont,94539,5.0,6.0,5550.0,Single Family Residence,1992,2900000.0
48238 Cottonwood St,Fremont,94539,4.0,3.5,2074.0,Single Family Residence,1964,1498000.0
34484 RAINDEER Ct,Fremont,94555,3.0,2.0,1790.0,Single Family Residence,1972,1170000.0
4547 Piper St,Fremont,94538,4.0,2.0,1753.0,Single Family Residence,1959,1115000.0
42806 Ravensbourne Park St,Fremont,94538,4.0,2.0,1736.0,Single Family Residence,1962,1210000.0
36340 Pizarro Dr,Fremont,94536,3.0,2.0,1154.0,Single Family Residence,1956,840000.0
4236 BLEWETT St,Fremont,94538,3.0,1.0,1036.0,Single Family Residence,1959,795000.0
34679 Teal Cmn,Fremont,94555,3.0,2.5,1527.0,Single Family Residence,1987,1197550.0
38277 Kimbro St,Fremont,94536,4.0,2.0,2040.0,Single Family Residence,1957,1392000.0
3104 Lubbock Pl,Fremont,94536,4.0,2.0,1714.0,Single Family Residence,1972,1240000.0
42426 Paseo Padre Pkwy,Fremont,94539,3.0,2.0,1546.0,Single Family Residence,1977,1260000.0
40050 Barbara St,Fremont,94538,3.0,1.5,1050.0,Single Family Residence,1958,840000.0
34222 Della Ter,Fremont,94555,3.0,2.5,1481.0,Single Family Residence,1988,1108000.0
4146 Hawkins St,Fremont,94538,3.0,2.0,1207.0,Single Family Residence,1955,780000.0
3113 Estero Ter,Fremont,94538,3.0,2.5,1644.0,Single Family Residence,2013,910000.0
4475 Amador Rd,Fremont,94538,5.0,2.5,2155.0,Single Family Residence,1961,960000.0
47528 Curtain Falls Cmn,Fremont,94539,3.0,3.5,2172.0,Single Family Residence,2019,1268723.0
35281 Santiago St,Fremont,94536,3.0,2.0,1256.0,Single Family Residence,1965,860325.0
43151 Calle Familia,Fremont,94539,4.0,3.5,2223.0,Single Family Residence,2016,1675000.0
38442 Canyon Heights Dr,Fremont,94536,3.0,1.5,1038.0,Single Family Residence,1957,700000.0
5258 Rancho Del Norte Dr,Fremont,94555,4.0,2.5,2035.0,Single Family Residence,2018,1460000.0
38759 Stillwater Cmn,Fremont,94536,3.0,3.0,1423.0,Single Family Residence,1988,1035000.0
15 Blaisdell Way,Fremont,94536,4.0,2.5,1706.0,Single Family Residence,1984,1080000.0
4525 San Juan Ave,Fremont,94536,3.0,2.0,1523.0,Single Family Residence,1954,999000.0
35876 Killorglin Cmn,Fremont,94536,3.0,2.5,1460.0,Single Family Residence,1989,991295.0
356 Sandstone Dr,Fremont,94536,4.0,2.5,1789.0,Single Family Residence,1989,1236227.0
37630 Carriage Circle Cmn,Fremont,94536,3.0,2.5,1412.0,Single Family Residence,1985,865000.0
722 Covina Way,Fremont,94539,3.0,3.0,1646.0,Single Family Residence,1969,1438000.0
1720 Ponca Ct,Fremont,94539,4.0,2.5,2781.0,Single Family Residence,1978,1760000.0
3143 Cadman Rd,Fremont,94538,4.0,3.0,1688.0,Single Family Residence,1959,1105000.0
3239 Bruce Dr,Fremont,94539,5.0,5.5,4200.0,Single Family Residence,2019,2700000.0
2929 Washington Blvd,Fremont,94539,3.0,2.0,1156.0,Single Family Residence,1953,1259000.0
4971 Hyde Park Dr,Fremont,94538,4.0,3.0,2189.0,Single Family Residence,1961,1290000.0
42629 Saratoga Park St,Fremont,94538,4.0,2.5,1767.0,Single Family Residence,1962,1185000.0
4788 Valpey Park Ct,Fremont,94538,4.0,2.0,1683.0,Single Family Residence,1963,1350000.0
4692 Wildwood Park Ct,Fremont,94538,3.0,2.0,1455.0,Single Family Residence,1964,1106568.0
39138 Sonora Ct,Fremont,94538,3.0,2.0,1320.0,Single Family Residence,1959,896000.0
34287 Mimosa Ter,Fremont,94555,3.0,2.5,1615.0,Single Family Residence,1992,1250000.0
1078 Canyon Creek Ter,Fremont,94536,5.0,3.0,3340.0,Single Family Residence,1991,1500000.0
48046 Chann Ct,Fremont,94539,4.0,3.0,1821.0,Single Family Residence,1964,1475000.0
336 Goldenrain Ave,Fremont,94539,3.0,2.5,1544.0,Single Family Residence,1962,1190000.0
4678 De Silva St,Fremont,94538,3.0,2.0,1544.0,Single Family Residence,1960,1128000.0
43113 Calle Sagrada,Fremont,94539,4.0,3.5,2277.0,Single Family Residence,2019,1599000.0
38347 Granville Dr,Fremont,94536,3.0,2.0,1320.0,Single Family Residence,1960,950000.0
46975 Zapotec Dr,Fremont,94539,4.0,2.5,2822.0,Single Family Residence,1977,1700000.0
4041 HEMINGWAY Cmn,Fremont,94536,3.0,2.5,1669.0,Single Family Residence,1999,1010000.0
311 Tangelo Ct,Fremont,94539,4.0,4.5,3625.0,Single Family Residence,2018,2235000.0
4643 Westwood Ave,Fremont,94536,3.0,3.0,1606.0,Single Family Residence,1953,1150000.0
4823 Phelan Ave,Fremont,94538,3.0,2.0,1092.0,Single Family Residence,1959,785000.0
34865 Gladstone Pl,Fremont,94555,4.0,3.0,2172.0,Single Family Residence,1971,1365000.0
38443 Timpanogas Cir,Fremont,94536,3.0,2.0,1320.0,Single Family Residence,1955,871888.0
720 Ridgeview Ter,Fremont,94536,3.0,2.5,1638.0,Single Family Residence,1988,1150000.0
101 Lippert Ave,Fremont,94539,3.0,2.0,1234.0,Single Family Residence,1961,956000.0
4643 Cerritos Ave,Fremont,94536,4.0,3.0,1900.0,Single Family Residence,1954,940000.0
2359 Corriea Way,Fremont,94539,2.0,2.0,1298.0,Single Family Residence,1972,1080000.0
4432 Cordova Pl,Fremont,94536,4.0,3.0,2160.0,Single Family Residence,1965,1325000.0
42277 Palm Ave,Fremont,94539,4.0,3.0,2140.0,Single Family Residence,1952,1710000.0
43144 Calle Sagrada,Fremont,94539,4.0,3.5,2277.0,Single Family Residence,2019,1614266.0
43132 Calle Sagrada,Fremont,94539,4.0,3.5,2238.0,Single Family Residence,2019,1704679.0
5683 Merit Way,Fremont,94538,3.0,2.0,1097.0,Single Family Residence,1962,845000.0
575 Majestic Palm Ave,Fremont,94539,4.0,4.5,4021.0,Single Family Residence,2019,2100000.0
42106 Vinha Way,Fremont,94539,4.0,4.5,3585.0,Single Family Residence,2019,2300000.0
4847 Humber Pl,Newark,94560,4.0,2.0,1697.0,Single Family Residence,1969,986000.0
3453 Atwater Ct,Fremont,94536,3.0,2.0,1040.0,Single Family Residence,1972,957000.0
616 Starlite Way,Fremont,94539,4.0,3.0,2504.0,Single Family Residence,1963,1820000.0
45245 Lynx Dr,Fremont,94539,3.0,2.5,1484.0,Single Family Residence,1988,1080000.0
42524 Gage Ct,Fremont,94538,3.0,2.0,1151.0,Single Family Residence,1958,821000.0
5391 Butano Park Dr,Fremont,94538,4.0,2.0,1324.0,Single Family Residence,1962,925000.0
5295 Matthew Ter,Fremont,94555,3.0,2.5,1324.0,Single Family Residence,1988,1044220.0
4836 Serra Ave,Fremont,94538,3.0,2.0,996.0,Single Family Residence,1959,715000.0
34550 Shenandoah Pl,Fremont,94555,4.0,2.0,1998.0,Single Family Residence,1972,1176000.0
41531 Erma Ave,Fremont,94539,3.0,2.0,1148.0,Single Family Residence,1955,1150000.0
4954 Stafford Pl,Newark,94560,4.0,2.0,2144.0,Single Family Residence,1968,1150000.0
37797 Rosetree Ct,Fremont,94536,4.0,3.0,2857.0,Single Family Residence,2001,1740000.0
47657 Fortner St,Fremont,94539,4.0,3.0,2041.0,Single Family Residence,1961,1600000.0
3740 Detjen,Fremont,94538,3.0,1.0,950.0,Single Family Residence,1957,705000.0
37815 2nd St,Fremont,94536,3.0,2.0,1845.0,Single Family Residence,1925,912000.0
36839 Cabrillo Dr,Fremont,94536,3.0,1.0,1074.0,Single Family Residence,1953,799990.0
318 King Ave,Fremont,94536,3.0,2.5,1370.0,Single Family Residence,1989,980000.0
101 Stevie Ct,Fremont,94539,5.0,3.0,2610.0,Single Family Residence,2000,1850000.0
234 Gable Dr,Fremont,94539,3.0,2.0,1284.0,Single Family Residence,1962,1184888.0
43019 Everglades Park Dr,Fremont,94538,3.0,3.0,1919.0,Single Family Residence,1962,1040000.0
2992 Pescadero Ter,Fremont,94538,4.0,3.5,2093.0,Single Family Residence,2013,970000.0
5453 Curtis St,Fremont,94538,3.0,2.0,1078.0,Single Family Residence,1961,865000.0
2888 Sanderling Dr,Fremont,94555,4.0,3.0,3043.0,Single Family Residence,1991,1601000.0
4374 Ribera St,Fremont,94536,3.0,2.0,1256.0,Single Family Residence,1967,930000.0
34340 Siward Dr,Fremont,94555,3.0,2.5,1446.0,Single Family Residence,1986,1135101.0
34237 AUCKLAND,Fremont,94555,3.0,2.0,1290.0,Single Family Residence,1968,1085000.0
2178 Sparrow Dr,Fremont,94539,4.0,3.0,3198.0,Single Family Residence,1979,1880000.0
35022 Cabrillo Ct,Fremont,94536,4.0,3.0,2176.0,Single Family Residence,1965,1350000.0
44213 Bowers Ct,Fremont,94539,4.0,4.0,3736.0,Single Family Residence,1970,1868121.0
35966 Magellan Dr,Fremont,94536,3.0,2.0,1159.0,Single Family Residence,1956,800000.0
1954 Rosemary Ct,Fremont,94539,7.0,3.0,2361.0,Single Family Residence,1962,1600000.0
37548 Sequoia Rd,Fremont,94536,3.0,2.0,1600.0,Single Family Residence,2018,1220000.0
36346 Pizarro Dr,Fremont,94536,3.0,2.0,1168.0,Single Family Residence,1956,853000.0
5350 Sayre Ave,Fremont,94536,3.0,2.0,1375.0,Single Family Residence,1960,1100000.0
35636 Galen Pl,Fremont,94536,3.0,2.0,2215.0,Single Family Residence,1967,1150000.0
3390 Isherwood Way,Fremont,94536,3.0,2.0,1910.0,Single Family Residence,1971,1275000.0
38446 Nebo Dr,Fremont,94536,3.0,2.0,1120.0,Single Family Residence,1955,796000.0
35907 Killorglin Cmn,Fremont,94536,3.0,2.5,1460.0,Single Family Residence,1989,955000.0
153 Brunswick Pl,Fremont,94539,4.0,3.0,2870.0,Single Family Residence,1989,1950000.0
721 Mcduff Ave,Fremont,94539,3.0,2.5,1386.0,Single Family Residence,1971,1280000.0
40446 Davis St,Fremont,94538,3.0,2.0,1201.0,Single Family Residence,1955,815000.0
5446 Clarendon Park Ct,Fremont,94538,4.0,2.0,1736.0,Single Family Residence,1962,981000.0
5653 Roosevelt Pl,Fremont,94538,3.0,2.0,1232.0,Single Family Residence,1966,866000.0
34759 Osage River Pl,Fremont,94555,4.0,2.0,1816.0,Single Family Residence,1974,1211000.0
462 Medanos Ct,Fremont,94539,2.0,2.0,1207.0,Single Family Residence,1988,935000.0
4933 Roselle Cmn,Fremont,94536,4.0,3.0,2054.0,Single Family Residence,1997,1210000.0
3860 Haven,Fremont,94538,2.0,1.0,945.0,Single Family Residence,1951,921000.0
40478 Gibson St,Fremont,94538,3.0,1.0,925.0,Single Family Residence,1954,721000.0
37350 Portico Ter,Fremont,94536,3.0,2.5,1631.0,Single Family Residence,1997,949000.0
38182 Hamlin St,Fremont,94536,5.0,2.5,2153.0,Single Family Residence,1959,1115000.0
5365 Silver Reef Dr,Fremont,94538,4.0,2.0,1228.0,Single Family Residence,1961,994000.0
1117 Silver St,Union City,94587,5.0,3.0,2592.0,Single Family Residence,2006,1260000.0
38112 Canyon Oaks Ct,Fremont,94536,5.0,3.0,2768.0,Single Family Residence,1991,1330000.0
36409 Frobisher Dr,Fremont,94536,3.0,2.0,1168.0,Single Family Residence,1956,860000.0
37026 Reynolds Cmn,Fremont,94536,2.0,2.5,1755.0,Single Family Residence,1988,1180000.0
363 Morengo Way,Fremont,94539,3.0,2.0,1234.0,Single Family Residence,1961,1166450.0
185 Quinault Way,Fremont,94539,4.0,2.5,2381.0,Single Family Residence,1977,1565000.0
3744 James Ave,Fremont,94538,3.0,1.0,1086.0,Single Family Residence,1951,720000.0
40184 Blanchard St,Fremont,94538,4.0,3.0,1734.0,Single Family Residence,1958,950000.0
39060 Sonora Ct,Fremont,94538,3.0,2.0,1056.0,Single Family Residence,1959,915000.0
34269 Tupelo St,Fremont,94555,4.0,3.0,1929.0,Single Family Residence,1991,1340000.0
34129 Sorrell Terrrace,Fremont,94555,3.0,2.5,1760.0,Single Family Residence,1998,1165000.0
42721 Scofield Dr,Fremont,94539,4.0,3.0,2372.0,Single Family Residence,1988,1765000.0
1145 Clay Ct,Fremont,94536,4.0,2.5,1785.0,Single Family Residence,1977,1200000.0
4684 Mayfield Dr,Fremont,94536,3.0,2.5,2342.0,Single Family Residence,1954,1458888.0
100 Cedar Ter,Fremont,94539,4.0,3.0,2194.0,Single Family Residence,2001,1679000.0
284 Rosewood Ave, Hayward,94544,2.0,2.5,1340.0,Townhouse,1973,520000.0
25042 Plum Tree St, Hayward,94544,3.0,2.5,1440.0,Single Family Residence,1995,810000.0
1228 Thornwall Lane, Hayward,94545,3.0,2.0,1285.0,Single Family Residence,1956,770000.0
24928 Campus Drive, Hayward,94542,2.0,2.0,2293.0,Single Family Residence,1922,690000.0
2503 Arf Avenue, Hayward,94545,4.0,2.5,1474.0,Townhouse,1970,563000.0
24760 Magnolia St., Hayward,94545,3.0,2.0,1499.0,Single Family Residence,1959,670000.0
310 Williams Way, Hayward,94541,3.0,2.5,1827.0,Condominium,2011,715000.0
1807 Trym St, Hayward,94541,5.0,2.5,2427.0,Single Family Residence,2008,915000.0
687 Veranda Circle, Hayward,94541,3.0,3.0,1381.0,Townhouse,2003,595000.0
315 Berry Ave., Hayward,94544,4.0,2.0,1466.0,Single Family Residence,1954,690000.0
105 Cassia, Hayward,94544,4.0,2.5,1724.0,Townhouse,1977,610000.0
296 Rosewood Ct, Hayward,94544,3.0,2.5,1549.0,Townhouse,1973,580000.0
Mcbride, Hayward,94544,3.0,2.0,1231.0,Single Family Residence,1954,539000.0
1379 Mcbride Lane, Hayward,94544,3.0,2.0,1164.0,Single Family Residence,1954,680000.0
25079 Thomas Ave, Hayward,94544,3.0,1.0,960.0,Single Family Residence,1952,593000.0
